bd_id_1,bd_id_2,end_time,entity,jobcode,lot_num_1,lot_num_2,number,start_time
ABU096EA1001A,AOK048TV1029A,1443.457592,BB216,"CWN,SC,CSC",R19BUAC03,R18OKAA07,BB216_3,1233.457592
ABU096EA1001A,AOK048TV1029A,1277.451016,BB218,"CWN,SC,CSC",R19BUAC01,R18OKAA09,BB218_2,1067.451016
AOK048TV1029A,AMS078C93001B,4438.475414,BB218,"CWN,SC,CSC",R18OKAA10,R19MSGF01,BB218_6,4228.475414
ABU096EA1001A,AOK048TV1029A,1438.451016,BB224,"CWN,SC,CSC",R19BUAC02,R18OKA913,BB224_2,1228.451016
AOK048TV1029A,AAB162KE1010A,6482.893716,BB224,"CWN,SC,CSC",R18OKAB01,R18ABC713,BB224_8,6272.893716
AAB060NR2002A,AMS078EN1005A,6153.997476,BB447,"CWN,EU,SC,CSC",R19ABCJ01,R19MSA816,BB447_6,5823.997476
AAB178NN2001A,AMS048TW1046A,3323.686080,BB448,"CWN,SC,CSC",R19ABDY12,R19MSGK01,BB448_3,3113.686080
AMS048TW1046A,AMS078EN1005A,3864.001106,BB448,"CWN,SC,CSC",R19MSGK01,R19MSA715,BB448_4,3654.001106
AMS078EN1005A,AMS078EP1001A,9650.428191,BB448,"CWN,MC,CSC",R19MSA608,R19MSFX03,BB448_8,9446.428191
AMS078EP1001A,AMS078EN1005A,12395.574829,BB448,"CWN,MC,CSC",R19MSIW04,R19MSA602,BB448_10,12191.574829
AMS078EN1006A,AYZ084CC2004A,174.000000,BB451,"MC,CSC",R18MSMF04,R19YZA301,BB451_1,0.000000
AAB096EF3001A,AMS078EN1001A,2068.241659,BB457,"CWN,SC,CSC",R19ABG208,R19MSDW06,BB457_3,1858.241659
AAB096EF3001A,AMS078EN1001A,1359.263154,BB458,"CWN,SC,CSC",R19ABG206,R19MSEG08,BB458_2,1149.263154
AMS078EN1001A,AMS078EP1001A,3631.964822,BB458,"CWN,MC,CSC",R19MSE505,R19MSFU03,BB458_4,3427.964822
AMS078EP1001A,AAB162KE1002A,6821.875969,BB458,"CWN,SC,CSC",R19MSIW03,R18ABBZ19,BB458_6,6611.875969
AAB162KE1002A,AMS096EC3001B,9036.464274,BB458,"CWN,SC,CSC",R18ABBZ20,R19MSG505,BB458_8,8826.464274
AMS096EC3001B,AMS078C93001B,10573.410038,BB458,"CWN,SC,CSC",R19MSG505,R19MSGF05,BB458_9,10363.410038
AAB178NN2001A,AAB162KE1010A,3586.686080,BB461,"CWN,SC,CSC",R19ABDY13,R18ABC715,BB461_3,3376.686080
AAB162KE1010A,AAB162KE1002A,4824.638787,BB461,"MC,CSC",R18ABC715,R18ABBV18,BB461_4,4650.638787
AAB162KE1002A,AMS078EN1001A,7081.174723,BB461,"CWN,SC,CSC",R18ABBV17,R19MSE203,BB461_6,6871.174723
AMS078EN1001A,AMS078EN1005A,8328.217580,BB461,"CWN,MC,CSC",R19MSE203,R19MSA717,BB461_7,8124.217580
AAB096EL1019A,AMS078EN1005A,5034.929301,BB462,"CWN,SC,CSC",R19ABDL06,R19MSA617,BB462_5,4824.929301
ARK078EP1001B,AAW024MAA006A,210.000000,BB463,"CWN,SC,CSC",,R19AWBN01,BB463_1,0.000000
AAW024MAA006A,ANV048TR2008B,2706.034795,BB463,"CWN,EU,SC,CSC",R19AWCV02,R18NVUE15,BB463_7,2376.034795
ANV048TR2008B,AQW090MV1016A,3036.034795,BB463,"CWN,EU,SC,CSC",R18NVUE17,R19QWA301,BB463_9,2706.034795
AQW090MV1016A,AMS078EN1005A,3684.954115,BB463,"CWN,EU,SC,CSC",R19QWA301,R19MSA713,BB463_10,3354.954115
AMS078EN1005A,ANV048TR2053A,6576.709379,BB463,"CWN,SC,CSC",R19MSA610,R19NVV236,BB463_12,6366.709379
ANV048TR2053A,AMS096EC3001B,8485.977883,BB463,"CWN,EU,SC,CSC",R19NVV209,R19MSD507,BB463_14,8155.977883
AAB178NN2001A,AMS078EN1001A,2576.032478,BB466,"CWN,SC,CSC",R19ABDY07,R19MSEF09,BB466_3,2366.032478
AMS078EN1001A,AMS048TW1046A,3450.972300,BB466,"CWN,SC,CSC",R19MSEF09,R19MSGK07,BB466_4,3240.972300
AMS048TW1046A,AAB054TN1002A,4982.232404,BB466,"CWN,SC,CSC",R19MSGK08,R19ABB709,BB466_8,4772.232404
AAW064MR1004A,AMS048TW1020A,210.000000,BB472,"CWN,SC,CSC",R18AWC403,R19MSGJ01,BB472_1,0.000000
AMS048TW1020A,ANV048TR2008B,2007.698509,BB472,"CWN,MC,CSC",R19MSGJ05,R18NVUE18,BB472_6,1803.698509
ANV048TR2008B,AMS048TW1046A,2451.698509,BB472,"CWN,EU,MC,CSC",R18NVUE18,R19MSGK13,BB472_7,2127.698509
AMS048TW1046A,AMS096EC3001B,3411.222231,BB472,"CWN,SC,CSC",R19MSGK18,R19MSG902,BB472_10,3201.222231
AMS096EC3001B,AMS048TW1046A,8378.648628,BB472,"CWN,SC,CSC",R19MSGB03,R19MSGK14,BB472_13,8168.648628
AMS048TW1046A,AAB162KE1002A,9249.278680,BB472,"CWN,SC,CSC",R19MSGL01,R18ABBV15,BB472_15,9039.278680
AAB178NN2001A,AAB162KE1006A,4698.542125,BB476,"CWN,SC,CSC",R19ABE226,R18ABBH07,BB476_2,4488.542125
AAB162KE1006A,AAB054TN1002A,4908.542125,BB476,"CWN,SC,CSC",R18ABBH08,R19ABB715,BB476_4,4698.542125
AAB054TN1002A,AMS078EP1001A,5746.260431,BB476,"CWN,SC,CSC",R19ABB715,R19MSFR04,BB476_5,5536.260431
AMS078EP1001A,ANV048TR2053A,6288.385979,BB476,"CWN,SC,CSC",R19MSFR04,R19NVV237,BB476_6,6078.385979
ANV048TR2053A,AAB096EL1003A,7994.640509,BB476,"CWN,EU,SC,CSC",R19NVV225,R19ABFX02,BB476_8,7664.640509
AAB096EL1003A,AMS078EN1006A,9758.462051,BB476,"CWN,SC,CSC",R19ABFX02,R19MSAE07,BB476_9,9548.462051
AAW064MR1008B,AMS078EN1001A,1281.404317,BB478,"CWN,SC,CSC",R19AWBF11,R19MSDV02,BB478_2,1071.404317
BU054MF1002A,AAW048TP1024D,210.000000,BB479,"CWN,SC,CSC",,R19AWD616,BB479_1,0.000000
AAW048TP1024D,AMS078EN1001A,7632.846660,BB479,"CWN,SC,CSC",R19AWD714,R19MSEE07,BB479_19,7422.846660
AMS078EN1006A,AMS048TW1065A,210.000000,BB481,"CWN,SC,CSC",R18MSMB02,R19MSFC13,BB481_1,0.000000
AMS048TW1065A,AMS078EP1001A,10708.103458,BB481,"CWN,SC,CSC",R19MSFC16,R19MSFS02,BB481_28,10498.103458
AMS078EP1001A,AMS078EN1005A,15383.215961,BB481,"CWN,MC,CSC",R19MSIX02,R19MSA606,BB481_31,15179.215961
AMS078EN1005A,ANV048TR2053A,18403.170342,BB481,"CWN,SC,CSC",R19MSA805,R19NVV216,BB481_33,18193.170342
ANV048TR2053A,AMS096EC3001B,19582.804594,BB481,"CWN,EU,SC,CSC",R19NVV216,R19MSEM06,BB481_34,19252.804594
AAB178NN2001A,AAB162KE1006A,3106.686080,BB485,"CWN,SC,CSC",R19ABDY10,R18ABBH06,BB485_3,2896.686080
AAB162KE1006A,AMS048TW1046A,3316.686080,BB485,"CWN,SC,CSC",R18ABBH10,R19MSGK05,BB485_5,3106.686080
AMS048TW1046A,AAB054TS1004A,4847.946184,BB485,"CWN,SC,CSC",R19MSGK12,R19ABER07,BB485_9,4637.946184
AAB054TS1004A,ABU048TG1002A,6681.101091,BB485,"CWN,SC,CSC",R19ABER11,R19BUAF03,BB485_11,6471.101091
ABU048TG1002A,AMS048TW1046A,12915.470677,BB485,"CWN,MC,CSC",R19BUAF02,R19MSGK06,BB485_16,12711.470677
AMS048TW1046A,AMS048TW1036A,14110.415755,BB485,"CWN,MC,CSC",R19MSGK03,R19MSFN02,BB485_19,13906.415755
ABU126CT2001B,AYZ084CC2004A,174.000000,BB498,"MC,CSC",R18BUB806,R19YZA102,BB498_1,0.000000
BU054MF1002A,AAB048TW2006A,279.000000,BB502,"MC,CSC",R18BUCG12,R19ABFE26,BB502_1,105.000000
BU054MF1002A,AAW048TP1024D,-163.000000,BB504,"CWN,SC,CSC",R18BUCG06,R19AWD412,BB504_1,-373.000000
AAW048TP1024D,AAB162KE1006A,7522.527454,BB504,"CWN,SC,CSC",R19AWD609,R18ABBL01,BB504_19,7312.527454
AAB162KE1006A,AAB054TS1004A,7732.527454,BB504,"CWN,SC,CSC",R18ABBH09,R19ABER03,BB504_22,7522.527454
AAB054TS1004A,AMS078EP1001A,9565.682362,BB504,"CWN,SC,CSC",R19ABER10,R19MSFZ02,BB504_24,9355.682362
AMS078EP1001A,AMS096EC3001B,11889.027375,BB504,"CWN,SC,CSC",R19MSFY04,R19MSFI08,BB504_26,11679.027375
ABU086TA1007A,AMS078EN1001A,6091.921619,BB505,"CWN,SC,CSC",R18BUBW03,R19MSDU05,BB505_12,5881.921619
ALW132NY4049A,AAB162KE1006A,1592.761071,BB511,"CWN,SC,CSC",R19LWAT02,R18ABBH05,BB511_6,1382.761071
AAB162KE1006A,AAB048TW2002A,1802.761071,BB511,"CWN,SC,CSC",R18ABBH05,R19ABBQ09,BB511_7,1592.761071
AAB048TW2002A,ABU048TG1002A,2271.822469,BB511,"CWN,MC,CSC",R19ABBQ09,R19BUAG02,BB511_8,2067.822469
ABU048TG1002A,AMS078EP1001A,3820.830514,BB511,"CWN,SC,CSC",R19BUAG02,R19MSJC02,BB511_9,3610.830514
AMS078EP1001A,AAB063NW3008A,7020.707919,BB511,"CWN,SC,CSC",R19MSFY03,R19ABGQ07,BB511_11,6810.707919
AAB063NW3008A,AMS048TW1046A,7758.926898,BB511,"CWN,SC,CSC",R19ABGQ07,R19MSGK11,BB511_12,7548.926898
AMS048TW1046A,AAB054NB6001A,8959.871976,BB511,"CWN,SC,CSC",R19MSGK02,R14ABRP01,BB511_15,8749.871976
AAB054NB6001A,AMS078EN1001A,10070.367355,BB511,"CWN,SC,CSC",R14ABRP01,R19MSDT03,BB511_16,9860.367355
AMS078EN1001A,AAB054TN1004A,12360.658388,BB511,"CWN,SC,CSC",R19MSEC06,R19ABAC19,BB511_18,12150.658388
AAB178NN2001A,AAB048TW2002A,2952.536902,BB512,"CWN,SC,CSC",R19ABDY09,R19ABBQ14,BB512_3,2742.536902
AAB048TW2002A,ABU060C91001D,3957.721095,BB512,"CWN,SC,CSC",R19ABBQ12,R19BUA802,BB512_6,3747.721095
ABU060C91001D,AMS078C93001B,5480.163230,BB512,"CWN,SC,CSC",R19BUA801,R19MSGF07,BB512_8,5270.163230
AMS078C93001B,AAB162KE1002A,8252.182540,BB512,"CWN,SC,CSC",R19MSGF04,R18ABBV16,BB512_10,8042.182540
ARK078EP1001B,AAB060NR2002A,210.000000,BB520,"CWN,SC,CSC",R18RKAA04,R19ABCJ02,BB520_1,0.000000
AAB060NR2002A,AMS078EN1005A,6488.319456,BB520,"CWN,EU,SC,CSC",R19ABCJ05,R19MSA116,BB520_7,6158.319456
AAW024MA6022C,AMS078EN1001A,7621.383474,BB524,"CWN,SC,CSC",R19AWDE03,R19MSDT04,BB524_11,7411.383474
AAB096EF3001A,AMS078EN1005A,1444.218152,BB540,"CWN,SC,CSC",R19ABG203,R19MSA812,BB540_3,1234.218152
AMS078EN1005A,AMS078EN1001A,5864.906676,BB540,"CWN,MC,CSC",R19MSA801,R19MSEC03,BB540_6,5660.906676
AAB024MAA008A,AMS078EN1005A,3522.030922,BB546,"CWN,SC,CSC",R19ABGS02,R19MSA811,BB546_6,3312.030922
AMS078EN1005A,AMS078EN1001A,7927.102082,BB546,"CWN,MC,CSC",R19MSA802,R19MSDX04,BB546_9,7723.102082
AMS078EN1001A,AMS078EN1006A,11441.314484,BB546,"CWN,MC,CSC",R19MSDT09,R19MSAE05,BB546_13,11237.314484
ABU126CT2001B,AAB060EM2001A,497.000000,BB548,"MC,CSC",R18BUB809,R16ABKK07,BB548_1,323.000000
ABU126CT2001B,AYZ084CC2004A,109.000000,BB550,"CWN,SC,CSC",R18BUB805,R19YZA103,BB550_1,-101.000000
AYZ084CC2004A,AMS078EP1001A,4550.704146,BB550,"CWN,SC,CSC",R19YZAC03,R19MSFY02,BB550_6,4340.704146
AMS078EP1001A,AAB162KE1002A,7750.581551,BB550,"CWN,SC,CSC",R19MSFX02,R18ABBV19,BB550_8,7540.581551
BU054MF1002A,AAB096EL1019A,330.000000,BB551,"CWN,SC,CSC",R18BUCG08,R19ABDJ03,BB551_1,120.000000
AAB096EL1019A,AMS078EP1001A,5516.474101,BB551,"CWN,SC,CSC",R19ABDL04,R19MSFY01,BB551_4,5306.474101
AMS078EP1001A,AMS078EN1005A,8710.351507,BB551,"CWN,MC,CSC",R19MSIW01,R19MSA806,BB551_6,8506.351507
AMS078EN1005A,AAB162KE1010A,11714.298088,BB551,"CWN,SC,CSC",R19MSA616,R18ABC723,BB551_8,11504.298088
AAB162KE1010A,AMS096EC3001B,13021.292806,BB551,"CWN,SC,CSC",R18ABC723,R19MSEM07,BB551_9,12811.292806
AAB090NC7001A,AMS078EN1005A,4969.475539,BB552,"CWN,SC,CSC",R19ABFK01,R19MSA803,BB552_6,4759.475539
AMS078EN1005A,AMS096EC3001B,7990.601222,BB552,"CWN,SC,CSC",R19MSA810,R19MSD508,BB552_8,7780.601222
AMS096EC1002A,AMS078EN1001A,63017.361328,BB555,"CWN,SC,CSC",R19MSGX02,R19MSE506,BB555_53,62807.361328
AAB090NC7001A,AMS096EC3001B,4088.365784,BB557,"CWN,SC,CSC",R19ABFJ09,R19MSBE04,BB557_5,3878.365784
AMS096EC3001B,AMS078EN1005A,10629.743935,BB557,"CWN,SC,CSC",R19MSG504,R19MSA709,BB557_9,10419.743935
AMS078EN1005A,AMS078EN1001A,13637.451370,BB557,"CWN,MC,CSC",R19MSA813,R19MSE201,BB557_11,13433.451370
AAW024MA6022C,AAB162KE1010A,7912.231469,BB563,"CWN,SC,CSC",R19AWDE02,R18ABC707,BB563_11,7702.231469
AAB162KE1010A,AAB162KE1002A,10196.294200,BB563,"MC,CSC",R18ABC719,R18ABBV09,BB563_13,10022.294200
AMS078EN1006A,AAB090NC7001A,210.000000,BB568,"CWN,SC,CSC",R19MSAA05,R19ABFJ04,BB568_1,0.000000
AAB090NC7001A,AMS078EN1001A,4237.866627,BB568,"CWN,SC,CSC",R19ABFJ14,R19MSEF04,BB568_5,4027.866627
AMS048TW1053A,AMS048TW1036A,2659.291448,BB571,"CWN,MC,CSC",R19MSFG01,R19MSFN13,BB571_6,2455.291448
AMS048TW1036A,AMS078EN1005A,3304.937367,BB571,"CWN,SC,CSC",R19MSFN08,R19MSA702,BB571_8,3094.937367
AMS078EN1005A,ABU048TG1002A,6326.063050,BB571,"CWN,SC,CSC",R19MSA714,R19BUAG05,BB571_10,6116.063050
ABU048TG1002A,AAB054TN1004A,8381.178575,BB571,"CWN,SC,CSC",R19BUAG01,R19ABAC13,BB571_12,8171.178575
AAB054TN1004A,AAB096EL1003A,10026.096572,BB571,"CWN,SC,CSC",R19ABAC08,R19ABFX03,BB571_14,9816.096572
AAB084CC9002A,AAB084CC9001A,-2059.000000,BB574,"CWN,SC,CSC",R18ABFX01,R19ABD301,BB574_1,-2269.000000
AAB084CC9001A,AAW048TP1024D,1597.055643,BB574,"CWN,SC,CSC",R19ABD301,R19AWD622,BB574_2,1387.055643
AAB178NN2001A,AMS096EC3001B,2765.745228,BB579,"CWN,SC,CSC",R19ABDY08,R19MSBE02,BB579_3,2555.745228
AMS096EC3001B,AAB054TN1002A,6568.145685,BB579,"CWN,SC,CSC",R19MSD308,R19ABB716,BB579_6,6358.145685
AAB054TN1002A,AMS096EC3001B,8033.582297,BB579,"CWN,SC,CSC",R19ABAJ07,R19MSEK07,BB579_8,7823.582297
AMS096EC3001B,AMS078EN1005A,11803.257306,BB579,"CWN,SC,CSC",R19MSG708,R19MSA814,BB579_11,11593.257306
AAW064MR1004A,AYZ084CC2004A,-326.000000,BB584,"MC,CSC",R18AWC301,R19YZA701,BB584_1,-500.000000
AAB096EF3001A,AMS078EN1001A,1903.241659,BB586,"CWN,SC,CSC",R19ABG207,R19MSE103,BB586_3,1693.241659
AAB090NC7001A,AMS078EN1001A,4621.582396,BB592,"CWN,SC,CSC",R19ABFJ13,R19MSE502,BB592_6,4411.582396
AMS078EN1001A,AMS078EN1005A,7523.007119,BB592,"CWN,MC,CSC",R19MSE106,R19MSA605,BB592_9,7319.007119
AAB024MAA008A,AMS078EN1005A,3659.908928,BB596,"CWN,SC,CSC",R19ABGS06,R19MSA514,BB596_7,3449.908928
AMS078EN1005A,AMS096EC3001B,6663.074641,BB596,"CWN,SC,CSC",R19MSA609,R19MSFI07,BB596_9,6453.074641
AMS096EC3001B,AMS078EP1001A,11653.266568,BB596,"CWN,SC,CSC",R19MSG906,R19MSIX01,BB596_12,11443.266568
AAB024MA6021A,AEU048TR2003A,210.000000,BB601,"CWN,SC,CSC",R19ABKD01,R18EUMA23,BB601_1,0.000000
AEU048TR2003A,AAB054TN1002A,6256.939529,BB601,"CWN,EU,SC,CSC",R18EUMA34,R19ABB717,BB601_25,5926.939529
AAB054TN1002A,ABU096EF2001A,7254.733537,BB601,"CWN,SC,CSC",R19ABAJ17,R19BUAL07,BB601_28,7044.733537
ABU096EF2001A,AMS096EC3001B,8803.742444,BB601,"CWN,MC,CSC",R19BUAL07,R19MSG903,BB601_29,8599.742444
AAB178NN2001A,AAB162KE1002A,3223.686080,BB604,"CWN,SC,CSC",R19ABDY11,R18ABBV20,BB604_3,3013.686080
AAB162KE1002A,AMS078EN1005A,5435.732103,BB604,"CWN,SC,CSC",R18ABBZ17,R19MSA703,BB604_5,5225.732103
AMS048TW1053A,AMS078EN1001A,2602.463107,BB606,"CWN,SC,CSC",R19MSFG05,R19MSEF08,BB606_6,2392.463107
AAB178NN2001A,AMS078EN1001A,3687.645160,BB608,"CWN,SC,CSC",R19ABDY15,R19MSDR09,BB608_4,3477.645160
AAW024MA6022C,AAB054TN1002A,7784.267412,BB611,"CWN,SC,CSC",R19AWCM04,R19ABB710,BB611_11,7574.267412
AAB054TN1002A,ANV048TR2053A,8621.985718,BB611,"CWN,SC,CSC",R19ABB710,R19NVV232,BB611_12,8411.985718
ANV048TR2053A,ABU096EF2001A,10531.254222,BB611,"CWN,EU,SC,CSC",R19NVV229,R19BUAL06,BB611_14,10201.254222
ABU096EF2001A,AMS096EC3001B,11936.303199,BB611,"CWN,MC,CSC",R19BUAL06,R19MSD504,BB611_15,11732.303199
AMS096EC3001B,AMS078EN1005A,15320.387063,BB611,"CWN,SC,CSC",R19MSGB04,R19MSA807,BB611_17,15110.387063
ABU086TA1007A,AMS078EN1001A,5831.247713,BB612,"CWN,SC,CSC",R18BUBW11,R19MSEC07,BB612_12,5621.247713
AAB096EF3001A,AMS078EN1001A,1463.857321,BB613,"CWN,SC,CSC",R19ABG204,R19MSE207,BB613_2,1253.857321
AMS048TW1053A,AMS078EN1001A,2589.233583,BB620,"CWN,SC,CSC",R19MSFG09,R19MSE501,BB620_6,2379.233583
BU054MF1002A,AAB048TW2006A,171.000000,BB622,"CWN,SC,CSC",R18BUCG10,R19ABFE27,BB622_1,-39.000000
AAB048TW2006A,AMS078EP1001A,10888.719963,BB622,"CWN,SC,CSC",R19ABGR24,R19MSJC01,BB622_43,10678.719963
AMS078EP1001A,AAB054TN1002A,14088.597368,BB622,"CWN,SC,CSC",R19MSFR02,R19ABB708,BB622_45,13878.597368
AUL054TN1003A,AAB084CC9001A,-6426.000000,BB701,"CWN,SC,CSC",R14ULA301,R19ABD201,BB701_1,-6636.000000
AAB084CC9001A,ABU084CC2001C,1481.968187,BB701,"CWN,MC,CSC",R19ABD201,R19BUA501,BB701_2,1277.968187
ABU084CC2001C,AAW016D53004A,6638.190447,BB701,"CWN,SC,CSC",R19BUA206,R19AWCR03,BB701_6,6428.190447
AAW016D53004A,AAB162KE1010A,8723.737261,BB701,"CWN,SC,CSC",R19AWC307,R18ABC710,BB701_8,8513.737261
AYZ096EI1002A,AAB054TN1002A,1466.565536,BB702,"CWN,SC,CSC",R18YZBC07,R19ABB701,BB702_2,1256.565536
AAB054TN1002A,AMS096EC3001B,2319.381965,BB702,"CWN,SC,CSC",R19ABB701,R19MSEN08,BB702_3,2109.381965
AMS096EC3001B,AMS078EN1001A,8065.025178,BB702,"CWN,SC,CSC",R19MSG807,R19MSDS09,BB702_7,7855.025178
AMS078EN1001A,AOK016D53002A,11111.765700,BB702,"CWN,SC,CSC",R19MSDJ01,R18OKAJ05,BB702_10,10901.765700
AOK016D53002A,AAW048TP1008B,13136.422267,BB702,"CWN,SC,CSC",R18OKAH22,R19AWBL29,BB702_13,12926.422267
AAW048TP1008B,AAB066TN1001A,14913.215706,BB702,"CWN,SC,CSC",R19AWBL37,R19ABAE20,BB702_15,14703.215706
AVE054TS1001E,AAB084CC9001A,-184.000000,BB704,"CWN,SC,CSC",R18VEG401,R19ABD202,BB704_1,-394.000000
AAB084CC9001A,ACD096EL1003A,545.016124,BB704,"CWN,SC,CSC",R19ABD202,R19CDA201,BB704_2,335.016124
ACD096EL1003A,AMS078EN1001A,5065.841373,BB704,"CWN,SC,CSC",R19CDA203,R19MSDY09,BB704_4,4855.841373
AYZ096EI1002A,AAW016D53004A,1238.921403,BB705,"CWN,SC,CSC",R18YZBC06,R19AWC311,BB705_2,1028.921403
AAW016D53004A,AAB162KE1002A,5083.765190,BB705,"CWN,SC,CSC",R19AWC611,R18ABBZ13,BB705_6,4873.765190
AAB162KE1002A,AAB054NR2001A,6284.309115,BB705,"CWN,SC,CSC",R18ABBZ13,R19ABQB06,BB705_7,6074.309115
AAB054NR2001A,AAB066TN1001A,8526.407954,BB705,"CWN,EU,SC,CSC",R19ABQB06,R19ABAE16,BB705_8,8196.407954
AAB066TN1001A,AOK016D53002A,10222.052195,BB705,"CWN,SC,CSC",R19ABAE03,R18OKAI12,BB705_10,10012.052195
AYU096EL2001A,AAB048TW2002A,1615.904981,BB706,"CWN,SC,CSC",R19YUFE03,R19ABE501,BB706_2,1405.904981
AAB048TW2002A,AAB054NR2001A,2113.308290,BB706,"CWN,SC,CSC",R19ABE601,R19ABQB02,BB706_4,1903.308290
AAB054NR2001A,AAB054TN1002A,7137.416565,BB706,"CWN,EU,SC,CSC",R19ABQB05,R19ABB705,BB706_7,6807.416565
AAB054TN1002A,AAB066TN1001A,7870.456273,BB706,"CWN,SC,CSC",R19ABB705,R19ABAE11,BB706_8,7660.456273
AAB066TN1001A,ASS153XT3001A,8883.278393,BB706,"CWN,SC,CSC",R19ABAE11,R19SSGD04,BB706_9,8673.278393
AAW024XJ6012A,AAW024MA6022C,357.000000,BB707,"CWN,SC,CSC",R18AWBL02,R19AWCK03,BB707_1,147.000000
AAW024MA6022C,AAW048TP1008B,7314.390324,BB707,"CWN,SC,CSC",R19AWDE01,R19AWAK32,BB707_11,7104.390324
AAB024XJ6011A,AAW048TP1008B,1202.973337,BB708,"CWN,EU,SC,CSC",R19ABCM01,R19AWBL05,BB708_6,872.973337
ABU126CT2001B,AAW048TP1041B,210.000000,BB710,"CWN,SC,CSC",R18BUB802,R19AWAB43,BB710_1,0.000000
AAW048TP1041B,AMS078EP1001A,155210.857282,BB710,"CWN,SC,CSC",R19AWC544,R19MSFZ03,BB710_219,155000.857282
AMS078EP1001A,AAB162KE1010A,158232.731401,BB710,"CWN,SC,CSC",R19MSFU04,R18ABC716,BB710_221,158022.731401
AAB060EM2001A,AAB063NW3008A,5613.119892,BB711,"CWN,SC,CSC",R16ABKK03,R19ABGQ09,BB711_5,5403.119892
AAB063NW3008A,AAB054TN1004A,7434.967000,BB711,"CWN,SC,CSC",R19ABGQ01,R19ABAC07,BB711_8,7224.967000
AAB054TN1004A,AMS096EC3001B,8960.366954,BB711,"CWN,SC,CSC",R19ABAC09,R19MSD307,BB711_10,8750.366954
AMS096EC3001B,AAB054TS1004A,13953.096449,BB711,"CWN,SC,CSC",R19MSG904,R19ABER13,BB711_13,13743.096449
AYZ096EI1002A,AAB054TN1002A,1981.129152,BB712,"CWN,SC,CSC",R18YZBB12,R19ABB702,BB712_2,1771.129152
AAB054TN1002A,AMS078EN1001A,2833.945582,BB712,"CWN,SC,CSC",R19ABB702,R19MSDT06,BB712_3,2623.945582
AMS078EN1001A,ASS153XT3001A,5193.264326,BB712,"CWN,SC,CSC",R19MSE702,R19SSGC28,BB712_5,4983.264326
ASS153XT3001A,AAB162KE1002A,7524.606778,BB712,"CWN,EU,SC,CSC",R19SSGD06,R18ABBZ12,BB712_7,7194.606778
AAB162KE1002A,AMS096EC3001B,8552.436113,BB712,"CWN,SC,CSC",R18ABBZ12,R19MSFP01,BB712_8,8342.436113
AMS096EC3001B,AMS078EP1001A,11948.543117,BB712,"CWN,SC,CSC",R19MSFI06,R19MSG402,BB712_10,11738.543117
AMS078EP1001A,AMS078EN1001A,16551.845974,BB712,"CWN,MC,CSC",R19MSG104,R19MSDU06,BB712_13,16347.845974
AYZ096EI1002A,AAW016D53004A,1273.722264,BB713,"CWN,SC,CSC",R18YZBD06,R19AWC623,BB713_2,1063.722264
AAW016D53004A,AAW048TP1008B,3276.339255,BB713,"CWN,SC,CSC",R19AWC607,R19AWBL28,BB713_4,3066.339255
ABU096EF5001A,AAB084CC9001A,-12574.000000,BB714,"CWN,SC,CSC",R17BUBK01,R19ABG701,BB714_1,-12784.000000
AAB084CC9001A,ABU096EF5001A,1873.898938,BB714,"CWN,SC,CSC",R19ABG701,R80CMFS01,BB714_2,1663.898938
ABU096EF5001A,AAB162KE1010A,4473.878836,BB714,"CWN,EU,SC,CSC",R80CMFS01,R18ABC708,BB714_3,4143.878836
AAB162KE1010A,AAW016D53004A,6632.729490,BB714,"CWN,SC,CSC",R18ABC721,R19AWC327,BB714_5,6422.729490
AAW016D53004A,ASS153XT3001A,9619.397692,BB714,"CWN,SC,CSC",R19AWC319,R19SSGC06,BB714_7,9409.397692
ASS153XT3001A,AMS078EN1001A,10975.926235,BB714,"CWN,EU,SC,CSC",R19SSGC06,R19MSDU07,BB714_8,10645.926235
AYZ096EI1002A,AAW016D53004A,1886.129152,BB716,"CWN,SC,CSC",R18YZBC11,R19AWC619,BB716_2,1676.129152
ABU084CC2001C,AOK016D53002A,6875.720955,BB720,"CWN,SC,CSC",R19BUA205,R18OKAP01,BB720_5,6665.720955
AOK016D53002A,AMS078EN1001A,8240.224135,BB720,"CWN,SC,CSC",R18OKAI05,R19MSEC05,BB720_7,8030.224135
AOK036RP1001A,AAW048TP1008B,8473.980116,BB724,"CWN,SC,CSC",R18OKA603,R19AWBL13,BB724_8,8263.980116
AYZ096EI1002A,AMS078EP1001A,1467.585665,BB726,"CWN,SC,CSC",R18YZBB08,R19MSG304,BB726_2,1257.585665
AMS078EP1001A,AMS048TW1036A,6341.229072,BB726,"CWN,SC,CSC",R19MSIX03,R19MSFN12,BB726_6,6131.229072
AMS048TW1036A,AAB054TN1002A,6905.347281,BB726,"CWN,SC,CSC",R19MSFN12,R19ABB703,BB726_7,6695.347281
AAB054TN1002A,AAB054TN1004A,8395.426696,BB726,"CWN,MC,CSC",R19ABAJ13,R19ABAC16,BB726_9,8191.426696
AYZ096EI1002A,AMS078EN1001A,1966.129152,BB729,"CWN,SC,CSC",R18YZBC12,R19MSDV01,BB729_2,1756.129152
AYU096EL2001A,ASS153XT3001A,1312.543860,BB731,"CWN,SC,CSC",R19YUFE07,R19SSGC26,BB731_2,1102.543860
ASS153XT3001A,AOK016D53002A,2709.936086,BB731,"CWN,EU,SC,CSC",R19SSGC26,R18OKAI21,BB731_3,2379.936086
AYZ096EI1002A,AMS078EN1001A,1438.682005,BB733,"CWN,SC,CSC",R18YZBD14,R19MSDY07,BB733_2,1228.682005
AAW024XJ6008B,AAB162KE1010A,1279.383808,BB734,"CWN,EU,SC,CSC",R19AWCA04,R18ABC711,BB734_2,949.383808
AAB162KE1010A,AAW016D53004A,2431.661539,BB734,"CWN,SC,CSC",R18ABC711,R19AWC613,BB734_3,2221.661539
AAW016D53004A,AMS078EN1001A,5323.552799,BB734,"CWN,SC,CSC",R19AWC316,R19MSDW02,BB734_6,5113.552799
AMS078EN1001A,ASS153XT3001A,7694.878911,BB734,"CWN,SC,CSC",R19MSDR07,R19SSGC18,BB734_8,7484.878911
AYZ096EI1002A,AOK016D53002A,1507.877479,BB737,"CWN,SC,CSC",R18YZBC15,R18OKAJ18,BB737_3,1297.877479
ACD096EL1003A,AAB084CC9001A,-720.000000,BB745,"CWN,SC,CSC",R18CDBC07,R19ABD102,BB745_1,-930.000000
AAB084CC9001A,ACD096EL1003A,526.688996,BB745,"CWN,SC,CSC",R19ABD102,R19CDA304,BB745_2,316.688996
ACD096EL1003A,AAW016D53004A,5916.413815,BB745,"CWN,SC,CSC",R18CDBK01,R19AWC624,BB745_5,5706.413815
AAW064MR1009A,AAW016D53004A,2720.160533,BB746,"CWN,SC,CSC",R19AWB611,R19AWC310,BB746_4,2510.160533
ABU126CT2001B,AAW064MR1009A,230.000000,BB748,"CWN,SC,CSC",,R19AWB608,BB748_1,20.000000
AAW064MR1009A,AOK016D53002A,2812.240836,BB748,"CWN,SC,CSC",R19AWB615,R18OKAI08,BB748_4,2602.240836
AAB048TW2009A,AAB162KE1002A,2109.676459,BB752,"CWN,SC,CSC",R19ABC204,R18ABBV21,BB752_5,1899.676459
AAB162KE1002A,AOK016D53002A,4291.569904,BB752,"CWN,SC,CSC",R18ABBV14,R18OKAI02,BB752_7,4081.569904
AYZ096EI1002A,AAW048TP1008B,1591.105357,BB755,"CWN,SC,CSC",R18YZBC09,R19AWAK25,BB755_3,1381.105357
AAW048TP1008B,ASS153XT3001A,3367.898796,BB755,"CWN,SC,CSC",R19AWBL18,R19SSGC20,BB755_5,3157.898796
ASS153XT3001A,AOK016D53002A,4781.959104,BB755,"CWN,EU,SC,CSC",R19SSGC20,R18OKAI19,BB755_6,4451.959104
AOK016D53002A,AMS078EN1001A,6075.948280,BB755,"CWN,SC,CSC",R18OKAK01,R19MSDR08,BB755_8,5865.948280
AAW064MR1009A,ASS153XT3001A,3215.752208,BB756,"CWN,SC,CSC",R19AWB612,R19SSGD05,BB756_4,3005.752208
ASS153XT3001A,AMS078EN1001A,5565.913460,BB756,"CWN,EU,SC,CSC",R19SSGC24,R19MSEC08,BB756_6,5235.913460
AMS078EN1001A,AAW016D53004A,7817.239572,BB756,"CWN,SC,CSC",R19MSDW08,R19AWC615,BB756_8,7607.239572
AAW016D53004A,AAW048TP1008B,9854.657471,BB756,"CWN,SC,CSC",R19AWC601,R19AWBL31,BB756_10,9644.657471
AYZ096EI1002A,AAB048TW2002A,1795.129152,BB759,"CWN,SC,CSC",R18YZBB10,R19ABBQ15,BB759_2,1585.129152
AAB048TW2002A,AAB063NW3008A,2163.062433,BB759,"CWN,SC,CSC",R19ABBQ15,R19ABGQ11,BB759_3,1953.062433
AAB063NW3008A,AMS096EC3001B,3749.773716,BB759,"CWN,SC,CSC",R19ABGQ03,R19MSEM05,BB759_6,3539.773716
AMS096EC3001B,AOK016D53002A,7157.301482,BB759,"CWN,SC,CSC",R19MSFI01,R18OKAH10,BB759_8,6947.301482
AOK016D53002A,AAB066TN1001A,7989.702667,BB759,"CWN,SC,CSC",R18OKAH10,R19ABAE18,BB759_9,7779.702667
AAB066TN1001A,AAW016D53004A,9805.346907,BB759,"CWN,SC,CSC",R19ABAE08,R19AWC323,BB759_11,9595.346907
AAW016D53004A,AAB063NW3008A,14634.982349,BB759,"CWN,SC,CSC",R19AWC627,R19ABGQ06,BB759_15,14424.982349
AYU096EL2001A,AOK016D53002A,1556.904981,BB760,"CWN,SC,CSC",R19YUFE05,R18OKAH15,BB760_2,1346.904981
AAW024XJ6008B,AAW024XJ4017A,651.000000,BB761,"CWN,SC,CSC",R19AWCA03,R18AWBA01,BB761_1,441.000000
AAW024XJ4017A,ABU024XJ8004A,1123.412326,BB761,"CWN,EU,MC,CSC",R18AWBA01,R18VGBG01,BB761_2,799.412326
ABU024XJ8004A,AMS048TW1036A,2349.679176,BB761,"CWN,SC,CSC",R18VGBH01,R19MSFN09,BB761_4,2139.679176
AMS048TW1036A,AMS078EN1001A,2913.797385,BB761,"CWN,SC,CSC",R19MSFN09,R19MSE208,BB761_5,2703.797385
AMS078EN1001A,AMS096EC3001B,6359.782869,BB761,"CWN,SC,CSC",R19MSDU03,R19MSD503,BB761_8,6149.782869
AMS096EC3001B,AAB048TW2002A,10293.807752,BB761,"CWN,SC,CSC",R19MSBE07,R19ABBQ03,BB761_11,10083.807752
AAW064MR1009A,AOK016D53002A,3353.255758,BB762,"CWN,SC,CSC",R19AWB616,R18OKAH20,BB762_5,3143.255758
AYZ096EI1002A,AAW016D53004A,1454.323986,BB763,"CWN,SC,CSC",R18YZBB07,R19AWC621,BB763_2,1244.323986
AAW016D53004A,AOK016D53002A,3412.055638,BB763,"MC,CSC",R19AWC321,R18OKAH04,BB763_4,3238.055638
AYZ096EI1002A,AMS078EN1001A,2065.129152,BB765,"CWN,SC,CSC",R18YZBB13,R19MSDJ02,BB765_2,1855.129152
AMS078EN1001A,AAW016D53004A,5486.199349,BB765,"CWN,SC,CSC",R19MSDX05,R19AWC320,BB765_5,5276.199349
AYZ096EI1002A,AAB066TN1001A,1763.328291,BB766,"CWN,SC,CSC",R18YZBC08,R19ABAE14,BB766_2,1553.328291
AAB066TN1001A,AAB162KE1002A,2775.592896,BB766,"CWN,SC,CSC",R19ABAE14,R18ABBR01,BB766_3,2565.592896
AAB162KE1002A,AAB054TS1004A,4971.584429,BB766,"CWN,SC,CSC",R18ABBZ14,R19ABER06,BB766_5,4761.584429
AAB054TS1004A,AMS078EP1001A,6963.427367,BB766,"CWN,SC,CSC",R19ABER01,R19MSJC03,BB766_7,6753.427367
AMS078EP1001A,AAW016D53004A,11270.982991,BB766,"CWN,SC,CSC",R19MSFZ04,R19AWC326,BB766_10,11060.982991
AAW016D53004A,ASS153XT3001A,12387.287492,BB766,"CWN,SC,CSC",R19AWC326,R19SSGD02,BB766_11,12177.287492
ASS153XT3001A,AMS096EC3001B,13787.905798,BB766,"CWN,EU,SC,CSC",R19SSGD02,R19MSD303,BB766_12,13457.905798
AAW024XJ6008B,AMS078EN1001A,1061.072660,BB767,"CWN,EU,SC,CSC",R19AWC702,R19MSDJ07,BB767_3,731.072660
AYZ096EI1002A,ABU024XJ6003A,2234.652276,BB769,"CWN,SC,CSC",R18YZBB14,R18VGBJ02,BB769_3,2024.652276
ABU024XJ6003A,ANV048TR2053A,2444.652276,BB769,"CWN,SC,CSC",R18VGBJ02,R19NVV206,BB769_4,2234.652276
ANV048TR2053A,AAB066TN1001A,2894.652276,BB769,"CWN,EU,SC,CSC",R19NVV206,R19ABAE05,BB769_5,2564.652276
AAB066TN1001A,AOK016D53002A,3787.474397,BB769,"CWN,SC,CSC",R19ABAE05,R18OKAH18,BB769_6,3577.474397
AOK016D53002A,AAB054TS1004A,5215.748190,BB769,"CWN,SC,CSC",R18OKAI20,R19ABER05,BB769_8,5005.748190
AAB054TS1004A,AAB054TN1004A,7201.591128,BB769,"CWN,MC,CSC",R19ABER12,R19ABAC11,BB769_10,6997.591128
AAB054TN1004A,AAW024XJ6010B,8727.219489,BB769,"CWN,SC,CSC",R19ABAC14,R19AWCU02,BB769_12,8517.219489
AYZ096EI1002A,AOK016D53002A,1543.657571,BB770,"CWN,SC,CSC",R18YZBC10,R18OKAJ04,BB770_2,1333.657571
AOK016D53002A,AMS078EN1001A,2986.726147,BB770,"CWN,SC,CSC",R18OKAH01,R19MSDX06,BB770_4,2776.726147
AMS078EN1001A,AAW048TP1008B,5346.044891,BB770,"CWN,SC,CSC",R19MSEC01,R19AWBL35,BB770_6,5136.044891
AAW048TP1008B,AAW016D53004A,7122.838330,BB770,"CWN,SC,CSC",R19AWAK21,R19AWCR01,BB770_8,6912.838330
AYU096EL2001A,AAB066TN1001A,1508.904981,BB772,"CWN,SC,CSC",R19YUFE04,R19ABAE12,BB772_2,1298.904981
AAB066TN1001A,ASS153XT3001A,2521.727101,BB772,"CWN,SC,CSC",R19ABAE12,R19SSGC04,BB772_3,2311.727101
ASS153XT3001A,AMS096EC3001B,4868.662274,BB772,"CWN,EU,SC,CSC",R19SSGD03,R19MSEM01,BB772_5,4538.662274
AMS096EC3001B,AMS078EP1001A,10254.755009,BB772,"CWN,SC,CSC",R19MSG901,R19MSJB02,BB772_9,10044.755009
AMS078EP1001A,AOK016D53002A,12117.299082,BB772,"CWN,SC,CSC",R19MSJB02,R18OKAJ10,BB772_10,11907.299082
AYZ096EI1002A,AAW048TP1008B,2027.129152,BB773,"CWN,SC,CSC",R18YZBC13,R19AWBL17,BB773_2,1817.129152
AAW048TP1008B,AOK016D53002A,3803.922591,BB773,"CWN,SC,CSC",R19AWAK39,R18OKAH06,BB773_4,3593.922591
AYU096EL2001A,AAW016D53004A,1605.904981,BB780,"CWN,SC,CSC",R19YUFE06,R19AWC304,BB780_2,1395.904981
AAW064MR1009A,AOK016D53002A,2647.863219,BB784,"CWN,SC,CSC",R19AWB607,R18OKAI18,BB784_4,2437.863219
AYZ096EI1002A,AAW048TP1008B,1282.963813,BB785,"CWN,SC,CSC",R18YZBD07,R19AWBL27,BB785_2,1072.963813
AAW048TP1008B,AAW016D53004A,2276.360533,BB785,"CWN,SC,CSC",R19AWBL27,R19AWC612,BB785_3,2066.360533
AAW016D53004A,AOK016D53002A,5081.161098,BB785,"MC,CSC",R19AWC610,R18OKAH02,BB785_6,4907.161098
AYZ096EI1002A,AMS048TW1036A,1265.518820,BB789,"CWN,SC,CSC",R18YZBB05,R20MSA901,BB789_2,1055.518820
AMS048TW1036A,AAB060NR1007A,1481.420790,BB789,"CWN,SC,CSC",R20MSAA01,R19ABM402,BB789_4,1271.420790
AAB060NR1007A,AAB162KE1002A,2645.270285,BB789,"CWN,SC,CSC",R19ABM402,R18ABBZ15,BB789_5,2435.270285
AAB162KE1002A,AAB054TN1004A,4799.580514,BB789,"CWN,SC,CSC",R18ABBZ21,R19ABAC06,BB789_7,4589.580514
AAB054TN1004A,AAW016D53004A,5667.394695,BB789,"CWN,SC,CSC",R19ABAC06,R19AWC626,BB789_8,5457.394695
AAW016D53004A,AMS096EC3001B,10936.854380,BB789,"CWN,SC,CSC",R19AWC302,R19MSG501,BB789_13,10726.854380
AMS096EC3001B,AMS078EN1006A,12740.621680,BB789,"CWN,SC,CSC",R19MSG501,R19MSAE08,BB789_14,12530.621680
AZA0086A1007A,AAB008YM2036A,319.385165,BB802,"CWN,SC,CSC",R18ZAD801,R19ABEP06,BB802_3,109.385165
AAB008YM2025A,ABU008YQ2001A,1417.659029,BB803,"CWN,SC,CSC",R19ABDB01,R19VGAE09,BB803_2,1207.659029
ABU008YQ2001A,AAB008YQ3021A,2595.040239,BB803,"CWN,SC,CSC",R19VGAE17,R19ABCV01,BB803_8,2385.040239
AAB008YM2025A,ABU008YQ2001A,1261.659029,BB809,"CWN,SC,CSC",R19ABDC02,R19VGAE19,BB809_2,1051.659029
ABU008YQ2001A,AAB008YQ2038A,1949.349634,BB809,"CWN,MC,CSC",R19VGAE20,R19ABM801,BB809_5,1745.349634
AAB008YQ2038A,ABU008Y62011A,2379.111959,BB809,"CWN,SC,CSC",R19ABM801,R19VGAC01,BB809_6,2169.111959
AAS162KE1016A,AQW008YM2003A,-3638.000000,BB810,"MC,CSC",R80CMMM01,R19QWA106,BB810_1,-3812.000000
AAS090NC4001A,AAB008YM2036A,196.000000,BB828,"MC,CSC",R18ASBQ07,R19ABEP02,BB828_1,22.000000
AAS008FG1011A,ANI008YK3002A,461.000000,BB831,"MC,CSC",R18ASC809,R18NICM01,BB831_1,287.000000
ATE066TS1001A,AAB008YB2005A,174.000000,BB833,"MC,CSC",R18TEA406,R19ABE807,BB833_1,0.000000
ATE066TS1001A,AAB008YB2005A,174.000000,BB834,"MC,CSC",R18TEA709,R19ABE815,BB834_1,0.000000
ATE066TS1001A,AAB008YB2005A,294.000000,BB836,"EU,MC,CSC",,R19ABE816,BB836_1,0.000000
AAW008Y62016A,AAB008YB2005A,294.000000,BB838,"EU,MC,CSC",,R19ABE821,BB838_1,0.000000
AAB008YM2025A,ABU008YQ2007A,1307.350022,BB839,"EU,MC,CSC",R19ABDG04,R19VGA705,BB839_1,1013.350022
ABU008YQ2007A,AAB008YQ2038A,1762.492051,BB839,"MC,CSC",R19VGA706,R19ABM901,BB839_3,1588.492051
AZA0086A1026A,AAB008YM2036A,-1987.000000,BB841,"MC,CSC",R18ZAD401,R19ABEN08,BB841_1,-2161.000000
AAS096EL1002A,ABU008YQ2007A,3010.018171,BB845,"CWN,SC,CSC",R19ASAD19,R19VGA803,BB845_3,2800.018171
ABU008YQ2007A,ABU008YQ2001A,4309.444258,BB845,"CWN,MC,CSC",R19VGA812,R19VGAE27,BB845_9,4105.444258
AAS096EL1002A,ABU008YQ2001A,1705.309390,BB851,"CWN,SC,CSC",R19ASAD17,R19VGAE06,BB851_2,1495.309390
ABU008YQ2001A,ABU008YQ2007A,2231.769793,BB851,"CWN,MC,CSC",R19VGAE10,R19VGA701,BB851_4,2027.769793
AAS090NC4001A,AQW008YM2003A,174.000000,BB857,"MC,CSC",,R19QWA104,BB857_1,0.000000
AGA048MA7001A,AAB008YM2036A,-2401.000000,BB863,"MC,CSC",R18GAA201,R19ABEN11,BB863_1,-2575.000000
AGA048MA7001A,ABW036AB1004A,-2229.000000,BB864,"MC,CSC",R18GAA202,R19BWCX21,BB864_1,-2403.000000
AAS096EL1002A,ABU008YD2002A,855.000000,BB866,"MC,CSC",R19ASAD04,R19VGA905,BB866_1,681.000000
ABU008YD2008A,ANI008YK3002A,-14.000000,BB867,"MC,CSC",R18VGCG03,R18NIAW03,BB867_1,-188.000000
AZA0086A1032A,AQW008YM2003A,-1977.000000,BB868,"MC,CSC",R17ZAD201,R19QWA113,BB868_1,-2151.000000
AAS090NC4001A,AAW008YM2004A,174.000000,BB869,"MC,CSC",R18ASBQ04,R19AWAQ07,BB869_1,0.000000
AAB008YQ2033A,ABU008YQ2007A,1490.894388,BB876,"SC,CSC",R19ABC507,R19VGA708,BB876_9,1310.894388
AAS090NC4001A,AAS008YM2018A,210.000000,BB877,"EU,MC,CSC",R18ASBQ02,R19ASA704,BB877_1,-84.000000
AAS090NC4001A,AAW008YM2004A,174.000000,BB885,"MC,CSC",R18ASBR02,R19AWAP02,BB885_1,0.000000
AGA048MA7001A,AAB008YM2036A,-2857.000000,BB887,"MC,CSC",R18GAA203,R19ABEN07,BB887_1,-3031.000000
ATE066TS1001A,AAW008YM2004A,174.000000,BB888,"MC,CSC",R18TEA601,R19AWAQ01,BB888_1,0.000000
AAB008YQ2041A,AAB008YQ3028A,1561.884100,BB889,"CWN,SC,CSC",R19ABCI09,R19ABGK04,BB889_4,1351.884100
AAS090NC4001A,ABW036AB1004A,471.000000,BB894,"MC,CSC",R18ASBQ06,R19BWCX20,BB894_1,297.000000
AAS090NC4001A,AAB008YM2036A,174.000000,BB897,"MC,CSC",,R19ABEM02,BB897_1,0.000000
AAW008Y62016A,AAW008YM2004A,174.000000,BB901,"MC,CSC",R19AWDQ04,R19AWAQ09,BB901_1,0.000000
AMS078EN1001A,ABU008YQ2001A,1362.042858,BB902,"CWN,SC,CSC",R19MSDR05,R19VGAE13,BB902_2,1152.042858
ABU008YQ2001A,ABU008YQ2007A,2372.193866,BB902,"CWN,MC,CSC",R19VGAE15,R19VGA814,BB902_7,2168.193866
ABU008YQ2007A,AAB008YD4004A,2947.335895,BB902,"CWN,SC,CSC",R19VGA707,R19ABK102,BB902_9,2737.335895
AAB008YD4004A,AAB008YQ2038A,6354.419949,BB902,"CWN,SC,CSC",R19ABK101,R19ABM701,BB902_11,6144.419949
AAS090NC4001A,AQW008YM2003A,419.000000,BB903,"MC,CSC",R18ASBQ01,R19QWA107,BB903_1,245.000000
AMS078EN1001A,AAB008YQ2038A,601.000000,BB906,"CWN,SC,CSC",R19MSDZ09,R99CMB701,BB906_1,391.000000
AAB008YQ2038A,ABU008YQ2001A,2059.619053,BB906,"CWN,EU,MC,CSC",R19ABH601,R19VGAE33,BB906_3,1735.619053
ABU008YQ2001A,ABU008YQ2007A,2632.758642,BB906,"CWN,MC,CSC",R19VGAE08,R19VGA702,BB906_7,2428.758642
ABU008YQ2007A,AVE008YD2001A,3390.471685,BB906,"CWN,SC,CSC",R19VGA816,R19VEH301,BB906_10,3180.471685
AAS096EL2001A,AAS008YM2018A,294.000000,BB915,"EU,MC,CSC",R17ASC905,R19ASA702,BB915_1,0.000000
AAB008YM2025A,ABU008YQ2007A,1109.000000,BB916,"CWN,SC,CSC",R19ABDB08,R19VGA809,BB916_1,899.000000
ABU008YQ2007A,ABU008YQ2001A,2243.549263,BB916,"CWN,MC,CSC",R19VGA817,R19VGAE01,BB916_5,2039.549263
ABU008YQ2001A,ABU008YD2002A,2776.009667,BB916,"CWN,SC,CSC",R19VGAE23,R19VGA903,BB916_7,2566.009667
ABU008YD2002A,AVE008YD2001A,3260.966264,BB916,"CWN,SC,CSC",R19VGA903,R19VEH302,BB916_8,3050.966264
AAS008DR2002A,AAB008YM2036A,174.000000,BB917,"MC,CSC",,R19ABEM10,BB917_1,0.000000
AZA0086A1016A,AQW008YM2003A,174.000000,BB918,"MC,CSC",,R19QWA123,BB918_1,0.000000
AAS096EL2001A,AAS096EL1002A,174.000000,BB919,"MC,CSC",R17ASC911,R19ASAD15,BB919_1,0.000000
AAS008DR2002A,ABW036AB1004A,174.000000,BB923,"MC,CSC",,R19BWCX19,BB923_1,0.000000
AAS008DR2002A,AAB008YM2036A,174.000000,BB926,"MC,CSC",,R19ABEN01,BB926_1,0.000000
AAB008YM2025A,AAB008YQ2038A,1261.659029,BB930,"CWN,SC,CSC",R19ABDC05,R19ABH602,BB930_2,1051.659029
AAB008YQ2038A,ABU008YQ2001A,2241.348191,BB930,"CWN,EU,MC,CSC",R19ABH605,R19VGAE04,BB930_4,1917.348191
ABU008YQ2001A,ABU008YQ2007A,3453.959603,BB930,"CWN,MC,CSC",R19VGAE07,R19VGA805,BB930_11,3249.959603
ABU008YQ2007A,AVE008YD2001A,4029.101632,BB930,"CWN,SC,CSC",R19VGA813,R19VEH310,BB930_13,3819.101632
AAB008YM2025A,ABU008YD2002A,942.000000,BB932,"CWN,SC,CSC",R19ABDC08,R19VGA901,BB932_1,732.000000
ABU008YD2002A,ABU008YQ2007A,1426.956597,BB932,"CWN,SC,CSC",R19VGA901,R19VGA815,BB932_2,1216.956597
AAW162KE1002A,AHQ0442J4004A,4206.729535,BBA02,"CWN,EU,SC,CSC",R19AWA709,R17HQFE07,BBA02_5,3876.729535
AAW162KE1002A,AHQ0442J4004A,4287.101993,BBA03,"CWN,EU,SC,CSC",R19AWA723,R18HQF703,BBA03_5,3957.101993
AAW162KE1002A,AHQ0442J4004A,4302.858111,BBA05,"CWN,SC,CSC",R19AWA617,R17HQFE10,BBA05_5,4092.858111
ANI020YU1001M,AAS067KQ1001A,529.000000,BBA06,"CWN,SC,CSC",R18NIDC03,R18ASCD01,BBA06_1,319.000000
AAS067KQ1001A,AHQ0442J4004A,8178.225171,BBA06,"CWN,SC,CSC",R18ASCK03,R17HQFE06,BBA06_9,7968.225171
AAW162KE1002A,AHQ0442J4004A,4240.692205,BBA07,"CWN,EU,SC,CSC",R19AWA705,R17HQFE04,BBA07_5,3910.692205
AAW162KE1002A,AHQ0442J4004A,4239.406017,BBA09,"CWN,EU,SC,CSC",R19AWA701,R19HQHD04,BBA09_5,3909.406017
AAW162KE1002A,AHQ0442J4004A,4029.986276,BBA13,"CWN,EU,SC,CSC",R19AWA713,R19HQHD02,BBA13_4,3699.986276
AAW162KE1002A,AHQ0442J4004A,3904.596819,BBA14,"CWN,EU,SC,CSC",R19AWA702,R17HQFE05,BBA14_4,3574.596819
AHQ0442J4004A,AHQ0223R1001B,5186.830664,BBA14,"CWN,EU,SC,CSC",R19HQHD07,R19HQHJ01,BBA14_6,4856.830664
AZA0086A1001B,AHQ0442J3003A,484.216148,BBA15,"CWN,SC,CSC",R18ZADE01,R19HQHB10,BBA15_3,274.216148
AAS096EL2001A,AHQ0442J4004A,6032.450721,BBA17,"CWN,EU,SC,CSC",R17ASC904,R18HQF712,BBA17_5,5702.450721
AAW162KE1002A,AHQ0442J4004A,4364.467817,BBA18,"CWN,EU,SC,CSC",R19AWA722,R18HQF701,BBA18_5,4034.467817
ANI020YU1005C,AHQ0223R1001B,3665.649771,BBA19,"CWN,SC,CSC",R19NIE602,R19HQHI03,BBA19_4,3455.649771
ANI020YU1005C,AHQ0442J4004A,4076.953313,BBA22,"CWN,SC,CSC",R19NIEB01,R18HQF705,BBA22_5,3866.953313
AAW162KE1002A,AHQ0223R1001B,3832.084583,BBA23,"CWN,EU,SC,CSC",R19AWA710,R19HQHH02,BBA23_4,3502.084583
AAW162KE1002A,AHQ0442J4004A,3553.349619,BBA26,"CWN,EU,SC,CSC",R19AWA719,R17HQFE13,BBA26_4,3223.349619
AAW162KE1002A,AHQ0442J4004A,3705.187030,BBA28,"CWN,EU,SC,CSC",R19AWA703,R19HQHD08,BBA28_4,3375.187030
AAS096EL2001A,AHQ0442J4004A,5963.112486,BBA30,"CWN,EU,SC,CSC",R17ASC803,R18HQF713,BBA30_5,5633.112486
AYZ096EI1002A,AAW048TP1008B,1399.917098,BBB02,"CWN,SC,CSC",R18YZBD15,R19AWBL33,BBB02_2,1189.917098
AAW048TP1008B,AAB162KE1010A,3960.107256,BBB02,"CWN,SC,CSC",R19AWBL19,R18ABC718,BBB02_5,3750.107256
AAB162KE1010A,AAB096EL1003A,5203.237123,BBB02,"CWN,SC,CSC",R18ABC718,R19ABFX01,BBB02_6,4993.237123
AAW024XJ6008B,AAB162KE1006A,859.000000,BBB03,"CWN,EU,SC,CSC",R19AWCA02,R18ABBK01,BBB03_1,529.000000
AAB162KE1006A,AMS096EC3001B,957.538802,BBB03,"CWN,SC,CSC",R18ABBK01,R19MSD505,BBB03_2,747.538802
AMS096EC3001B,AAB054TN1002A,4364.781050,BBB03,"CWN,SC,CSC",R19MSD406,R19ABB707,BBB03_4,4154.781050
AAB054TN1002A,AAB054NR2001A,5217.820757,BBB03,"CWN,SC,CSC",R19ABB707,R19ABQB04,BBB03_5,5007.820757
AYZ096EI1002A,AAB162KE1010A,1933.129152,BBB06,"CWN,SC,CSC",R18YZBB11,R18ABC702,BBB06_2,1723.129152
AAB162KE1010A,AMS078EP1001A,4306.548434,BBB06,"CWN,SC,CSC",R18ABC722,R19MSJC04,BBB06_4,4096.548434
AMS078EP1001A,ASS153XT3001A,5342.543383,BBB06,"CWN,SC,CSC",R19MSJC04,R19SSGD09,BBB06_5,5132.543383
AAW024XJ6008B,AAB066TN1001A,413.000000,BBB07,"CWN,SC,CSC",R19AWC804,R19ABAE09,BBB07_1,203.000000
AAB066TN1001A,AAW016D53004A,1425.822120,BBB07,"CWN,SC,CSC",R19ABAE09,R19AWBV24,BBB07_2,1215.822120
AAW016D53004A,AMS078EP1001A,3446.950232,BBB07,"CWN,SC,CSC",R19AWC306,R19MSFW03,BBB07_4,3236.950232
AMS078EP1001A,AMS096EC3001B,6981.988607,BBB07,"CWN,SC,CSC",R19MSG103,R19MSD306,BBB07_6,6771.988607
AMS096EC3001B,AMS078EP1001A,11951.305541,BBB07,"CWN,SC,CSC",R19MSD304,R19MSG102,BBB07_9,11741.305541
AAW064MR1002B,AAW048TP1024D,283.834604,BBB10,"CWN,SC,CSC",R19AWAU02,R19AWD612,BBB10_1,73.834604
AAW048TP1024D,AAW016D53004A,7324.456068,BBB10,"CWN,SC,CSC",R19AWDB01,R19AWC606,BBB10_22,7114.456068
AAW016D53004A,AOK016D53002A,9293.294394,BBB10,"MC,CSC",R19AWC308,R18OKAP02,BBB10_24,9119.294394
AOK016D53002A,AAW024MA6027C,11327.644094,BBB10,"CWN,SC,CSC",R18OKAJ01,R19AWCN02,BBB10_27,11117.644094
AAW024MA6027C,AAB066TN1001A,12257.491008,BBB10,"CWN,SC,CSC",R19AWCN02,R19ABAE15,BBB10_28,12047.491008
AAB066TN1001A,AAB054TN1002A,14073.135249,BBB10,"CWN,SC,CSC",R19ABAE17,R19ABB713,BBB10_30,13863.135249
AAB054TN1002A,AAB162KE1002A,14926.174956,BBB10,"CWN,SC,CSC",R19ABB713,R18ABBV13,BBB10_31,14716.174956
AYZ096EI1002A,AMS078EN1001A,1421.611495,BBB13,"CWN,SC,CSC",R18YZBB15,R19MSEE09,BBB13_3,1211.611495
AOK036RP1001A,AMS078EP1001A,9301.282269,BBB14,"CWN,SC,CSC",R18OKA604,R19MSIW02,BBB14_8,9091.282269
AMS078EP1001A,AOK016D53002A,11173.801457,BBB14,"CWN,SC,CSC",R19MSIW02,R18OKAI15,BBB14_9,10963.801457
AYZ096EI1002A,AMS048TW1036A,1249.518820,BBB15,"CWN,SC,CSC",R18YZBB06,R19MSFN07,BBB15_2,1039.518820
AMS048TW1036A,AAW048TP1008B,2161.755237,BBB15,"CWN,MC,CSC",R19MSFN03,R19AWBL01,BBB15_4,1957.755237
AAW048TP1008B,AAB162KE1010A,3938.548676,BBB15,"CWN,SC,CSC",R19AWBL38,R18ABC720,BBB15_6,3728.548676
AAB162KE1010A,AAW024XJ6010B,5223.781014,BBB15,"CWN,SC,CSC",R18ABC720,R19AWCU03,BBB15_7,5013.781014
AAW024XJ6010B,ABU024XJ8004A,5801.376785,BBB15,"CWN,SC,CSC",R19AWCU03,R18VGBH02,BBB15_8,5591.376785
ABU024XJ8004A,AAW024MA6027C,6829.733362,BBB15,"CWN,SC,CSC",R18VGBH02,R19AWCN01,BBB15_9,6619.733362
AAW024MA6027C,AAB060NR1007A,8029.150692,BBB15,"CWN,SC,CSC",R19AWCN01,R19ABM403,BBB15_10,7819.150692
AAB060NR1007A,AAB162KE1002A,9740.470053,BBB15,"CWN,SC,CSC",R19ABM401,R18ABBV05,BBB15_12,9530.470053
AYZ096EI1002A,AAW048TP1008B,2071.129152,BBB16,"CWN,SC,CSC",R18YZBC14,R19AWBL32,BBB16_2,1861.129152
AYZ096EI1002A,AOK016D53002A,929.000000,BBB18,"CWN,SC,CSC",R18YZBB03,R18OKAI07,BBB18_1,719.000000
AOK016D53002A,AAB066TN1001A,2918.965354,BBB18,"CWN,SC,CSC",R18OKAJ12,R19ABAE22,BBB18_4,2708.965354
AAB066TN1001A,AMS078EN1006A,3563.548578,BBB18,"CWN,SC,CSC",R19ABAE22,R19MSAC08,BBB18_5,3353.548578
AYZ096EI1002A,AAW048TP1008B,293.000000,BBB19,"CWN,SC,CSC",R18YZB615,R19AWBL20,BBB19_1,83.000000
AAW048TP1008B,ASS153XT3001A,2853.190158,BBB19,"CWN,SC,CSC",R19AWBL34,R19SSGC12,BBB19_4,2643.190158
ASS153XT3001A,AMS078EP1001A,4303.275028,BBB19,"CWN,EU,SC,CSC",R19SSGC12,R19MSG101,BBB19_5,3973.275028
AMS078EP1001A,AOK016D53002A,7707.229942,BBB19,"CWN,SC,CSC",R19MSG401,R18OKAK02,BBB19_7,7497.229942
AYZ096EI1002A,AMS048TW1036A,947.000000,BBB20,"CWN,EU,SC,CSC",R18YZBD11,R19MSFN11,BBB20_1,617.000000
AMS048TW1036A,AAB048TW2002A,1385.118209,BBB20,"CWN,MC,CSC",R19MSFN11,R19ABBQ11,BBB20_2,1181.118209
AAB048TW2002A,ASS153XT3001A,1867.156398,BBB20,"CWN,SC,CSC",R19ABBQ11,R19SSGD01,BBB20_3,1657.156398
ASS153XT3001A,AAW016D53004A,3305.412307,BBB20,"CWN,EU,SC,CSC",R19SSGD01,R19AWC305,BBB20_4,2975.412307
AAW016D53004A,AMS096EC3001B,5187.288853,BBB20,"CWN,SC,CSC",R19AWC325,R19MSG808,BBB20_6,4977.288853
AMS096EC3001B,AAB090MV1002A,7650.890662,BBB20,"CWN,SC,CSC",R19MSG905,R19ABB602,BBB20_8,7440.890662
AAB090MV1002A,AAB162KE1010A,10737.031055,BBB20,"CWN,SC,CSC",R19ABB601,R18ABC712,BBB20_10,10527.031055
AAB162KE1010A,AMS096EC3001B,12035.217999,BBB20,"CWN,SC,CSC",R18ABC712,R19MSFP03,BBB20_11,11825.217999
AMS096EC3001B,AAB054NR2001A,14229.860869,BBB20,"CWN,SC,CSC",R19MSEM04,R19ABQB01,BBB20_13,14019.860869
AYZ096EI1002A,AAW016D53004A,443.000000,BBB22,"CWN,SC,CSC",R18YZBA06,R19AWC616,BBB22_1,233.000000
AAW016D53004A,AAW048TP1008B,3357.104606,BBB22,"CWN,SC,CSC",R19AWC312,R19AWBL07,BBB22_4,3147.104606
ABU024XW3011B,AAB084CC9001A,-455.000000,BBB23,"CWN,SC,CSC",R18VGB204,R19ABD302,BBB23_1,-665.000000
AAB084CC9001A,AAB060EM2001A,539.976164,BBB23,"CWN,SC,CSC",R19ABD302,R16ABKK04,BBB23_2,329.976164
AAB060EM2001A,ANV048TR2053A,6912.477599,BBB23,"CWN,SC,CSC",R16ABKK06,R19NVV219,BBB23_6,6702.477599
ANV048TR2053A,AAW016D53004A,7362.477599,BBB23,"CWN,EU,SC,CSC",R19NVV219,R19AWC605,BBB23_7,7032.477599
AAW016D53004A,AAB066TN1001A,9262.865267,BBB23,"CWN,SC,CSC",R19AWC315,R19ABAE13,BBB23_9,9052.865267
AAB066TN1001A,ASS153XT3001A,11078.509507,BBB23,"CWN,SC,CSC",R19ABAE21,R19SSGD08,BBB23_11,10868.509507
ASS153XT3001A,ABU024XJ8004A,12507.087176,BBB23,"CWN,EU,SC,CSC",R19SSGD08,R18VGBH03,BBB23_12,12177.087176
ABU024XJ8004A,AAB054TN1004A,12976.772743,BBB23,"CWN,SC,CSC",R18VGBH03,R19ABAC18,BBB23_13,12766.772743
AAB054TN1004A,ASS153XT3001A,13844.586924,BBB23,"CWN,SC,CSC",R19ABAC18,R19SSGC27,BBB23_14,13634.586924
ASS153XT3001A,AMS078C93001B,16175.929375,BBB23,"CWN,EU,SC,CSC",R19SSGD07,R19MSGF03,BBB23_16,15845.929375
AMS078C93001B,AAB066TN1001A,17871.858819,BBB23,"CWN,SC,CSC",R19MSGF03,R19ABAE10,BBB23_17,17661.858819
AYZ096EI1002A,AOK016D53002A,1185.281575,BBB24,"CWN,SC,CSC",R18YZBB04,R18OKAJ17,BBB24_2,975.281575
AYZ096EI1002A,AAB096EL1003A,624.000000,BBB25,"CWN,SC,CSC",R18YZBA07,R18ABFN01,BBB25_1,414.000000
AAB096EL1003A,AAW048TP1008B,991.999660,BBB25,"CWN,SC,CSC",R18ABH901,R19AWAK16,BBB25_3,781.999660
AAW048TP1008B,AMS096EC3001B,2768.793099,BBB25,"CWN,SC,CSC",R19AWAK40,R19MSG806,BBB25_5,2558.793099
AYZ096EI1002A,AOK016D53002A,1220.646052,BBB26,"CWN,SC,CSC",R18YZBC04,R18OKAH09,BBB26_2,1010.646052
AYU096EL2001A,AAB066TN1001A,1252.557263,BBB27,"CWN,SC,CSC",R19YUFD08,R19ABAE06,BBB27_2,1042.557263
AAB066TN1001A,AMS078EP1001A,2265.100626,BBB27,"CWN,SC,CSC",R19ABAE06,R19MSFX04,BBB27_3,2055.100626
AMS078EP1001A,AAB054TN1002A,5518.064912,BBB27,"CWN,SC,CSC",R19MSFW01,R19ABB706,BBB27_5,5308.064912
AAB054TN1002A,AAW016D53004A,7014.144327,BBB27,"CWN,SC,CSC",R19ABAJ16,R19AWC614,BBB27_7,6804.144327
AAW064MR1009A,AAB084CC9001A,-14602.000000,BBB28,"CWN,SC,CSC",R17AWBL04,R19ABG702,BBB28_1,-14812.000000
AAB084CC9001A,AAW064MR1009A,827.897241,BBB28,"CWN,SC,CSC",R19ABG702,R19AWB621,BBB28_2,617.897241
AAW064MR1009A,AOK016D53002A,3383.096448,BBB28,"CWN,SC,CSC",R19AWB619,R18OKAH19,BBB28_5,3173.096448
AOK016D53002A,AMS078EN1001A,4132.340753,BBB28,"CWN,SC,CSC",R18OKAH19,R19MSDW04,BBB28_6,3922.340753
AGA134KM1001A,AAB096EL1019A,517.000000,BBB29,"CWN,SC,CSC",R17GAA203,R19ABDL01,BBB29_1,307.000000
AAB096EL1019A,AMS078EN1001A,5624.046578,BBB29,"CWN,SC,CSC",R19ABDL05,R19MSEF03,BBB29_4,5414.046578
AMS078EN1001A,AOK016D53002A,10156.698802,BBB29,"CWN,SC,CSC",R19MSE202,R18OKAJ20,BBB29_8,9946.698802
AYZ096EI1002A,ABU060C91001D,330.000000,BBB30,"CWN,SC,CSC",R18YZBA10,R19BUA402,BBB30_1,120.000000
ABU060C91001D,AAB054TN1004A,3863.947932,BBB30,"CWN,SC,CSC",R19BUA402,R19ABAC12,BBB30_2,3653.947932
AAB054TN1004A,ABU060C91001D,5389.576293,BBB30,"CWN,SC,CSC",R19ABAC17,R19BUA401,BBB30_4,5179.576293
ABU060C91001D,AAB063NW3008A,6848.476694,BBB30,"CWN,SC,CSC",R19BUA401,R19ABGQ10,BBB30_5,6638.476694
AAB063NW3008A,AMS048TW1036A,7596.955683,BBB30,"CWN,SC,CSC",R19ABGQ10,R19MSFN04,BBB30_6,7386.955683
AMS048TW1036A,AMS078EP1001A,8161.073892,BBB30,"CWN,SC,CSC",R19MSFN04,R19MSFR03,BBB30_7,7951.073892
AMS078EP1001A,AAB054TN1002A,10033.593080,BBB30,"CWN,SC,CSC",R19MSFR03,R19ABB714,BBB30_8,9823.593080
AAB054TN1002A,AAB048TW2002A,10886.632787,BBB30,"CWN,SC,CSC",R19ABB714,R19ABBQ10,BBB30_9,10676.632787
AAB048TW2002A,AAB162KE1010A,11368.670976,BBB30,"CWN,SC,CSC",R19ABBQ10,R18ABC726,BBB30_10,11158.670976
AYZ096EI1002A,AMS078EN1001A,612.000000,BBB31,"MC,CSC",R18YZBA09,R19MSEE08,BBB31_1,438.000000
AAW024MA6036A,ANV048TR2053A,2143.767201,BBB32,"CWN,SC,CSC",R19AWBQ03,R19NVV230,BBB32_3,1933.767201
ANV048TR2053A,ABU024XJ6003A,2593.767201,BBB32,"CWN,EU,SC,CSC",R19NVV230,R18VGBJ01,BBB32_4,2263.767201
ABU024XJ6003A,AMS096EC3001B,2683.767201,BBB32,"CWN,SC,CSC",R18VGBJ01,R19MSEM08,BBB32_5,2473.767201
AMS096EC3001B,ASS153XT3001A,3395.424160,BBB32,"CWN,SC,CSC",R19MSEM08,R19SSGC08,BBB32_6,3185.424160
ASS153XT3001A,ABU096EF2001A,4791.741026,BBB32,"CWN,EU,SC,CSC",R19SSGC08,R19BUAL03,BBB32_7,4461.741026
ABU096EF2001A,AMS078EN1001A,6142.754552,BBB32,"CWN,SC,CSC",R19BUAL03,R19MSDJ05,BBB32_8,5932.754552
AMS078EN1001A,AMS048TW1036A,9580.334879,BBB32,"CWN,SC,CSC",R19MSEE02,R19MSFN06,BBB32_11,9370.334879
AMS048TW1036A,AAB048TW2002A,10846.689506,BBB32,"CWN,MC,CSC",R19MSFN05,R19ABBQ08,BBB32_14,10642.689506
AAB048TW2002A,ASS153XT3001A,11328.727694,BBB32,"CWN,SC,CSC",R19ABBQ08,R19SSGC23,BBB32_15,11118.727694
ASS153XT3001A,AMS078EP1001A,13685.878788,BBB32,"CWN,EU,SC,CSC",R19SSGC19,R19MSFR01,BBB32_17,13355.878788
AYZ096EI1002A,AMS078EP1001A,764.000000,BBB34,"CWN,SC,CSC",R18YZBB02,R19MSFS04,BBB34_1,554.000000
AMS078EP1001A,ASS153XT3001A,2263.734524,BBB34,"CWN,SC,CSC",R19MSFS04,R19SSGC13,BBB34_2,2053.734524
ASS153XT3001A,AMS096EC3001B,3683.709312,BBB34,"CWN,EU,SC,CSC",R19SSGC13,R19MSFI05,BBB34_3,3353.709312
AMS096EC3001B,AMS078C93001B,5372.615954,BBB34,"CWN,SC,CSC",R19MSFI05,R19MSGF02,BBB34_4,5162.615954
AMS078C93001B,AAB054TN1002A,7188.545398,BBB34,"CWN,SC,CSC",R19MSGF02,R19ABB712,BBB34_5,6978.545398
AYZ096EI1002A,ASS153XT3001A,619.000000,BBB36,"CWN,SC,CSC",R18YZBD03,R19SSGC05,BBB36_1,409.000000
ASS153XT3001A,AMS078EN1001A,2817.483012,BBB36,"CWN,EU,SC,CSC",R19SSGC05,R19MSE508,BBB36_2,2487.483012
AMS078EN1001A,AAW048TP1008B,7229.234683,BBB36,"CWN,SC,CSC",R19MSDT08,R19AWBL26,BBB36_6,7019.234683
AMS078C91003A,AQW008YM2003A,581.000000,BBD01,"MC,CSC",R19MSF601,R19QWA118,BBD01_1,407.000000
ABW056AD1004B,AAB008YM2036A,174.000000,BBD11,"MC,CSC",,R19ABEP01,BBD11_1,0.000000
AMS078C91003A,ABW036AB1004A,712.000000,BBD12,"MC,CSC",R19MSF602,R19BWCX05,BBD12_1,538.000000
ABW056AD1004B,AAB008YM2036A,294.000000,BBD13,"MC,CSC",R18BWE607,R19ABEM09,BBD13_1,120.000000
ABW056AD1004B,AQW008YM2003A,533.000000,BBD17,"MC,CSC",R18BWE605,R19QWA103,BBD17_1,359.000000
ABW056AD1004B,ABW036AB1004A,174.000000,BBD37,"MC,CSC",,R19BWCX23,BBD37_1,0.000000
AAW008Y62029A,AAB008YM2036A,396.000000,BBD52,"MC,CSC",R19AWBP02,R19ABEP07,BBD52_1,222.000000
AAW008Y62016A,AQW008YM2003A,174.000000,BBD57,"MC,CSC",,R19QWA119,BBD57_1,0.000000
AAB008YM2023A,AAW008YM2004A,174.000000,BBD58,"MC,CSC",,R19AWAM02,BBD58_1,0.000000
ABW056AD1004B,AAB008YM2036A,174.000000,BBD61,"MC,CSC",,R19ABEP05,BBD61_1,0.000000
ANV0086A1069A,AAW008YM2004A,-13289.000000,BBD62,"MC,CSC",R16NVS148,R19AWAM17,BBD62_1,-13463.000000
AAW008Y62016A,ABW036AB1004A,174.000000,BBD63,"MC,CSC",,R19BWCX24,BBD63_1,0.000000
AAW008Y62016A,AAB008YM2036A,174.000000,BBD67,"MC,CSC",,R19ABEM03,BBD67_1,0.000000
AAB008YM2023A,AQW008YM2003A,174.000000,BBD81,"MC,CSC",,R19QWA115,BBD81_1,0.000000
AOK016D53002A,AAW016D53004A,174.000000,BBH35,"MC,CSC",R17OKN415,R19AWBV12,BBH35_1,0.000000
AAS096EL2001A,AHQ0442J4004A,4884.757986,BBJ01,"CWN,EU,SC,CSC",R17ASC905,R17HQFE15,BBJ01_3,4554.757986
ABU008YD2009A,AAS008YM2018A,294.000000,BBJ03,"EU,MC,CSC",,R19ASA705,BBJ03_1,0.000000
AMS078C91003A,AAW008YM2004A,210.000000,BBL03,"CWN,SC,CSC",,R19AWAQ06,BBL03_1,0.000000
AAW008YM2004A,ABU008YQ2001A,3637.659029,BBL03,"CWN,SC,CSC",R19AWBX11,R19VGAE31,BBL03_3,3427.659029
ABW056AD1004B,AAW008YM2004A,709.000000,BBL16,"MC,CSC",R18BWE608,R19AWBX01,BBL16_1,535.000000
AAB008YM2023A,AAB008YM2036A,174.000000,BBL18,"MC,CSC",,R19ABEN02,BBL18_1,0.000000
ABW056AD1004B,ABW036AB1004A,372.000000,BBL21,"MC,CSC",R18BWE611,R19BWCX17,BBL21_1,198.000000
AMS078C93001B,AAB054TN1002A,174.000000,BBM04,"MC,CSC",R19MSBG03,R19ABAJ06,BBM04_1,0.000000
AHQ0345V1001A,AHQ0442J3003A,1163.008612,BBR06,"CWN,SC,CSC",R18HQF607,R19HQHE01,BBR06_2,953.008612
AEU0086B1011A,ANI020YU1005C,230.000000,BBR08,"MC,CSC",,R19NIEN01,BBR08_1,56.000000
AMS096EC3001B,ASS153XT3001A,561.000000,BBR23,"EU,MC,CSC",R19MSBC03,R19SSGC03,BBR23_1,267.000000
AMS096EC3001B,ASS153XT3001A,172.000000,BBR39,"EU,MC,CSC",R19MSEL07,R19SSGC11,BBR39_1,-122.000000
AMS096EC3001B,ASS153XT3001A,268.000000,BBR51,"EU,MC,CSC",R19MSEJ03,R19SSGC07,BBR51_1,-26.000000
AMS096EC3001B,ASS153XT3001A,415.000000,BBR54,"EU,MC,CSC",R19MSD205,R19SSGC15,BBR54_1,121.000000
AMS096EC3001B,ASS153XT3001A,-169.000000,BBR69,"EU,MC,CSC",R19MSBA04,R19SSGC16,BBR69_1,-463.000000
AMS096EC3001B,AOK048TV1029A,-152.000000,BBR71,"MC,CSC",R19MSD202,R18OKA714,BBR71_1,-326.000000
AMS096EC3001B,ASS153XT3001A,252.000000,BBR80,"EU,MC,CSC",R19MSBC02,R19SSGC17,BBR80_1,-42.000000
AMS096EC3001B,AOK048TV1029A,-65.000000,BBR81,"MC,CSC",R19MSBA05,R18OKAA02,BBR81_1,-239.000000
AMS096EC3001B,ASS153XT3001A,265.000000,BBR82,"EU,MC,CSC",R19MSEL05,R19SSGC09,BBR82_1,-29.000000
AMS096EC3001B,AOK048TV1029A,174.000000,BBR84,"MC,CSC",R19MSEL01,R18OKA908,BBR84_1,0.000000
AMS096EC3001B,ASS153XT3001A,260.000000,BBR89,"EU,MC,CSC",R19MSD201,R19SSGC02,BBR89_1,-34.000000
AMF088Y23001A,ANI020YU1005C,-1687.000000,BBR91,"MC,CSC",R16MFB108,R19NIEP01,BBR91_1,-1861.000000
AQT192X85001C,ANI020YU1005C,-2988.000000,BBR94,"MC,CSC",R80CMNX01,R19NIE703,BBR94_1,-3162.000000
ANV132X2C034A,AHQ0442J3003A,-7981.000000,BBR95,"MC,CSC",R18NVU517,R19HQHE13,BBR95_1,-8155.000000
ANV345XTA010A,ANI020YU1005C,232.000000,BBRA9,"MC,CSC",,R19NIEP02,BBRA9_1,58.000000
AAW008Y62024A,ANI020YU1005C,174.000000,BBRB1,"MC,CSC",R19AWAR02,R19NIEF03,BBRB1_1,0.000000
AHQ0345V1001A,ANI020YU1005C,1313.225524,BBRB4,"CWN,SC,CSC",R18HQF610,R19NIEA03,BBRB4_3,1103.225524
ANV153XT9071A,ANI020YU1005C,-17718.000000,BBRC1,"MC,CSC",R15NVRB11,R19NIE203,BBRC1_1,-17892.000000
AHQ0345V1001A,AHQ0442J3003A,1198.868664,BBRC2,"CWN,SC,CSC",R18HQF608,R19HQHE06,BBRC2_2,988.868664
ANV153XT9080A,ANI020YU1005C,174.000000,BBRD2,"MC,CSC",R18NVU714,R19NIEF01,BBRD2_1,0.000000
ANV153XT9071A,ANI020YU1005C,977.000000,BBRD5,"MC,CSC",R17NVTW04,R19NIEN03,BBRD5_1,803.000000
AHQ0345V1001A,ANI020YU1005C,86.000000,BBRF1,"MC,CSC",R18HQF602,R19NIE601,BBRF1_1,-88.000000
