bom_id,oper,part_id,qty
IA000026,2021,1071F28502,0.059
IA000026,3720,1011CA234A,0.013
XT153113,2052,1221C20036,5000.000
XT153113,2052,1221R20005,2000.000
XT153113,2070,121101941A,1000.000
XT153113,2430,1011TR439A,7.237
XT153113,2070,1241F6317A,0.200
XT153113,2130,1071F76004,2.272
XT153113,2200,1091A07C41,89.436
XT153113,2300,10819740Z3,0.204
XT153113,2052,1101T70525,8.680
XT153113,2070,SUBMATWNV287,1000.000
XT153113,2130,SUBMATWNV288,2000.000
XT153113,2052,SUBMATSNV149,1000.000
XT153113,2410,1101L75830,153.000
IA000060,3720,1011CA265A,0.008
YU020604,2070,1071F76004,0.000
YU020604,2200,1091A08T41,0.000
YU020604,2300,108192HF36,0.000
YU020604,2070,120100185B,0.000
YU020604,3720,1011CA176A,0.014
OL014602,2070,120100167A,0.000
OL014602,2300,108192HF36,0.000
OL014602,3720,1011CA296A,0.014
OL014602,2070,1241FAC26S,0.000
YZ008604,2300,108192HF36,0.000
YZ008604,2070,120100008A,0.000
YZ008604,3720,1011CA139A,0.014
YZ008604,2070,1241FAC26S,0.000
YU020603,2070,1071F76004,0.000
YU020603,2200,1091A08T41,0.000
YU020603,2300,108192HF36,0.000
YU020603,2070,120100185B,0.000
YU020603,3720,1011CA176A,0.014
OA014603,2300,10819240H5,0.000
OA014603,2070,120100163A,0.000
OA014603,3720,1011CA296A,0.014
OA014603,2070,1241FAC26S,0.000
OK008601,2300,10819240H5,0.000
OK008601,2070,120100022A,0.000
OK008601,3720,1011CA254A,0.014
OK008601,2070,1241FAC26S,0.000
IA000097,3720,1011CA308A,0.008
IA000140,3720,1011CA349A,0.008
Y3012604,2300,10819240H5,0.000
Y3012604,2070,120100155A,0.000
Y3012604,3720,1011CA295A,0.014
Y3012604,2070,1241FAC26S,0.000
IA000118,2021,1071F28502,0.046
IA000118,3720,1011CA328A,0.004
IA000114,3720,1011CA310A,0.016
Y3012603,2300,10819240H5,0.000
Y3012603,2070,120100153A,0.000
Y3012603,3720,1011CA295A,0.014
Y3012603,2070,1241FAC26S,0.000
IA000013,3720,1011CA190A,0.027
YK010634,2070,120101109A,0.000
YK010634,2070,1071P10764,0.000
YK010634,2200,1091A08T41,0.000
YK010634,2300,108192HF42,0.000
YK010634,3720,1011CA106A,0.014
2J028035,2300,1081A381C1,0.203
IA000158,3720,1011CA358A,0.016
X2132375,2070,121102074A,1000.000
X2132375,2430,1011TR726A,9.821
X2132375,2200,1091A07C41,96.904
X2132375,2300,1081760LB7,0.510
X2132375,2410,1101L70542,132.000
X2132375,2070,SUBMATWNV486,2000.000
X2132375,2070,1071F76004,1.976
MR064035,2070,1071P20251,1.205
MR064035,2200,1091A07T41,74.000
MR064035,2300,1081G1250B,0.335
MR064035,2410,1101L70560,64.000
MR064035,2430,1011TR035A,7.640
MR064035,2070,121100947A,1000.000
XT345091,2052,1221C20016,5000.000
XT345091,2052,1221R20006,1000.000
XT345091,2052,1221R20005,1000.000
XT345091,2052,1221I20010,1000.000
XT345091,2070,121102136A,1000.000
XT345091,2430,1011TR755A,7.237
XT345091,2070,1071F350L2,0.011
XT345091,2130,1071F76004,0.317
XT345091,3130,1071F76004,0.132
XT345091,3330,1071F76004,0.828
XT345091,4130,1071F310JB,1.008
XT345091,4330,1071F76001,3.024
XT345091,4530,1071F76001,1.008
XT345091,4730,1071F76001,3.024
XT345091,2200,1091A07C41,267.912
XT345091,3200,1091A08C41,244.214
XT345091,3400,1091A08C41,194.584
XT345091,2300,1081GE100C,0.358
XT345091,2052,1101T70525,8.680
XT345091,2410,1101L70528,345.000
XT345091,2070,SUBMATWNV022,1000.000
XT345091,2130,SUBMATWNV157,1000.000
XT345091,3130,SUBMATWNV220,1000.000
XT345091,3330,SUBMATWNV221,1000.000
XT345091,4130,SUBMATWNV390,1000.000
XT345091,4330,SUBMATWNV391,3000.000
XT345091,4530,SUBMATWNV392,1000.000
XT345091,4730,SUBMATWNV391,3000.000
XT345091,2052,SUBMATSNV392,1000.000
YU020611,2070,1071F76004,0.000
YU020611,2200,1091A08T41,0.000
YU020611,2300,108192HF36,0.000
YU020611,2070,120100185B,0.000
YU020611,3720,1011CA176A,0.014
Y1012604,2070,120100158A,0.000
Y1012604,2070,1071P10764,0.000
Y1012604,2200,1091A08T41,0.000
Y1012604,2300,1081G700L1,0.000
Y1012604,3720,1011CA104A,0.014
IA000065,3720,1011CA270A,0.016
IA000090,3720,1011CA235A,0.008
YK010633,2070,120101109A,0.000
YK010633,2070,1071P10764,0.000
YK010633,2200,1091A08T41,0.000
YK010633,2300,108192HF42,0.000
YK010633,3720,1011CA106A,0.014
IA000143,2021,1071FC86R3,0.139
IA000143,3720,1011CA350A,0.016
IA000025,3720,1011CA218B,0.004
KJ391004,2052,1220C20035,31000.000
KJ391004,2052,1220C20034,1000.000
KJ391004,2052,1220R20066,25000.000
KJ391004,2052,1220R20067,3000.000
KJ391004,2052,1220R20068,1000.000
KJ391004,2070,121101803A,1000.000
KJ391004,2430,1010TR708A,12.088
KJ391004,2070,1071F310JB,2.806
KJ391004,2130,1071F310JB,2.806
KJ391004,3130,1071F310JB,1.403
KJ391004,2200,1091A08C41,276.290
KJ391004,3200,1091A08C41,350.940
KJ391004,3400,1091A08C41,194.010
KJ391004,2300,10819740Z3,1.170
KJ391004,2052,1220R20069,2000.000
KJ391004,2070,SUBMATWXY003,2000.000
KJ391004,2130,SUBMATWXY003,2000.000
KJ391004,3130,SUBMATWXY003,1000.000
KJ391004,2052,SUBMATSXY003,1000.000
KJ391004,2052,1101T70525,8.680
KJ391004,2410,1101L70540,391.000
YZ009602,2300,108192HF36,0.000
YZ009602,2070,120100143A,0.000
YZ009602,3720,1011CA139A,0.014
YZ009602,2070,1241FAC26S,0.000
IA000122,3720,1011CA332A,0.008
IA000096,2021,1071FC86R3,0.075
IA000096,3720,1011CA301A,0.008
IA000045,2021,1071FC86R3,0.111
IA000045,3720,1011CA245A,0.016
IA000050,3720,1011CA246A,0.016
XT153245,2052,1221C20016,2000.000
XT153245,2070,121102307A,1000.000
XT153245,2430,1011TR439A,7.237
XT153245,2070,1071F350L1,0.133
XT153245,2130,1071F76004,1.137
XT153245,2200,1091A08C41,146.338
XT153245,2300,1081760LB7,0.322
XT153245,2052,1101T70525,8.680
XT153245,2410,1101L75830,153.000
XT153245,2070,SUBMATWNV450,1000.000
XT153245,2130,SUBMATWNV451,1000.000
XT153245,2052,SUBMATSNV404,1000.000
Y7008602,2300,108192HF36,0.000
Y7008602,2070,120100009A,0.000
Y7008602,3720,1011CA180A,0.014
Y7008602,2070,1241FAC26S,0.000
6A008239,2052,1221C20040,6000.000
6A008239,2070,121101916A,1000.000
6A008239,2434,1011TR727A,9.167
6A008239,2070,1071F350L1,0.000
6A008239,2130,1071F76004,1.048
6A008239,3130,1071F76004,0.000
6A008239,2200,1091A06C41,86.804
6A008239,2300,1081E770A1,0.297
6A008239,2052,1101T70525,8.680
6A008239,2070,SUBMATWNV419,1000.000
6A008239,2130,SUBMATWNV519,1000.000
6A008239,3130,SUBMATWNV520,1000.000
6A008239,2052,SUBMATSNV388,1000.000
6A008225,2052,1221C20036,3000.000
6A008225,2052,1221C20037,5000.000
6A008225,2052,1221R20049,1000.000
6A008225,2070,121101900A,1000.000
6A008225,2434,1011TR727A,9.167
6A008225,2070,1071F350L1,0.047
6A008225,2130,1071F76004,1.645
6A008225,2200,1091A06C41,97.918
6A008225,2300,1081E770A1,0.297
6A008225,2052,1101T70525,8.680
6A008225,2052,SUBMATSNV358,1000.000
6A008225,2070,SUBMATWNV182,1000.000
6A008225,2130,SUBMATWNV405,1000.000
IA000064,3720,1011CA273A,0.008
MR064030,2070,1071P20251,1.196
MR064030,2200,1091A08T41,148.900
MR064030,2300,1081G1250B,0.367
MR064030,2410,1101L70560,64.000
MR064030,2430,1011TR035A,7.640
MR064030,2070,121100907A,1000.000
2J028036,2300,1081A381C1,0.200
6B008043,2052,1221C20040,7000.000
6B008043,2052,1221R20074,2000.000
6B008043,2070,121102367A,1000.000
6B008043,2434,1011TR746A,9.167
6B008043,2070,1071F350L1,0.061
6B008043,2130,1071F76004,1.412
6B008043,2200,1091A06C41,100.186
6B008043,2300,1081G771F1,0.275
6B008043,2052,1101T70525,8.680
6B008043,2070,SUBMATWEU053,1000.000
6B008043,2130,SUBMATWEU037,1000.000
6B008043,2052,SUBMATSEU025,1000.000
5H022006,2070,121101781B,1000.000
5H022006,2070,1071F76004,1.453
5H022006,2200,1091A06C41,22.496
5H022006,2300,1081A381C1,0.142
YK008646,2070,120101106A,0.000
YK008646,2070,1071P10764,0.000
YK008646,2200,1091A08T41,0.000
YK008646,2300,108192HF42,0.000
YK008646,2410,1011CA106A,0.014
IA000075,2021,1071FC86R3,0.111
IA000075,3720,1011CA286A,0.008
XT153175,2052,1221C20036,2000.000
XT153175,2070,121101946A,1000.000
XT153175,2430,1011TR439A,7.237
XT153175,2070,1071F350L1,0.067
XT153175,2130,1071F76004,4.544
XT153175,2200,1091A07C41,109.508
XT153175,3200,1091A07C41,124.778
XT153175,2300,1081760LB7,0.322
XT153175,2052,1101T70525,8.680
XT153175,2410,1101L75830,153.000
XT153175,2052,SUBMATSSS008,1000.000
XT153175,2070,SUBMATWSS005,1000.000
XT153175,2130,SUBMATWSS008,4000.000
IA000150,2021,1071F28502,0.059
IA000150,3720,1011CA356A,0.016
YM008177,2070,120101084A,1000.000
YM008177,2070,1071F76004,0.035
YM008177,2200,1091A07T21,9.330
YM008177,2300,1081G700L1,0.018
YM008177,2410,1231BAS00A,0.070
EL096086,2070,121102023A,1000.000
EL096086,2430,1011TR698A,5.556
EL096086,2070,1071P62022,3.047
EL096086,2200,1091G08PA4,86.700
EL096086,2300,1081G750V8,0.207
EL096086,2410,1101L70545,96.000
CC084211,2070,121101103A,1000.000
CC084211,2430,1011TR707A,5.263
CC084211,2070,1071P62001,1.065
CC084211,2200,1091G08PA4,64.712
CC084211,2300,1081G750V7,0.220
CC084211,2410,1101L70545,84.000
TH056181,2070,120101150B,1000.000
TH056181,2430,1011TR507A,11.458
TH056181,2070,1071F76004,1.153
TH056181,2130,1071F310JB,1.153
TH056181,2200,1091A07T41,67.302
TH056181,3200,1091A07T41,114.950
TH056181,2300,108197HF03,0.788
TH056181,2410,1231BAS00A,0.070
TH056181,2070,SUBMATWAW156,1000.000
TH056181,2130,SUBMATWAW157,1000.000
EA078002,2070,121101044A,1000.000
EA078002,2430,1011TR518A,8.088
EA078002,2070,1071P62022,9.726
EA078002,2200,1091A07C21,63.960
EA078002,2300,10819240H6,0.379
EA078002,2410,1101L70545,78.000
EC096002,2070,1071P62001,2.019
EC096002,2200,1091A06T41,72.500
EC096002,2410,1101L70542,96.000
EC096002,2070,121101320A,1000.000
EC096002,2430,1010TR744A,5.392
EC096002,2300,1081G750V5,0.222
X8192005,2070,1071F76005,0.893
X8192005,2130,1071F76005,0.904
X8192005,3130,1071F350L1,0.037
X8192005,2200,1091C08TP2,168.572
X8192005,2300,1081760LB7,0.340
X8192005,2410,1101L70530,192.000
X8192005,2070,SUBMATWQT016,1000.000
X8192005,2130,SUBMATWQT017,1000.000
X8192005,3130,SUBMATWQT015,1000.000
X8192005,2070,121102345A,1000.000
X8192005,2430,1011TR821A,8.594
XJ024089,2070,121101766A,1000.000
XJ024089,2430,1011TR076A,2.292
XJ024089,2070,1071F310JB,0.445
XJ024089,2130,1071F310JB,0.445
XJ024089,3130,1071F310JB,0.445
XJ024089,3330,1071F310JB,0.445
XJ024089,2200,1091A07T41,23.832
XJ024089,3200,1091A07T41,26.546
XJ024089,3400,1091A07T41,36.500
XJ024089,3600,1091A10T41,36.800
XJ024089,2300,1081G1250B,0.099
XJ024089,2410,1101L70540,24.000
XJ024089,2070,SUBMATWVG022,1000.000
XJ024089,2130,SUBMATWVG022,1000.000
XJ024089,3130,SUBMATWVG022,1000.000
XJ024089,3330,SUBMATWVG022,1000.000
XW024026,2070,121102370A,1000.000
XW024026,2430,1011TR076A,2.344
XW024026,2070,1071F76004,0.710
XW024026,2130,1071F310JB,0.710
XW024026,3130,1071F310JB,0.710
XW024026,3330,1071F310JB,0.710
XW024026,2200,1091A07T21,20.748
XW024026,3200,1091A07T21,23.998
XW024026,3400,1091A07T21,26.418
XW024026,3600,1091A07T21,28.358
XW024026,2300,1081G1250B,0.099
XW024026,2410,1101L70540,24.000
XW024026,2070,SUBMATWAB250,1000.000
XW024026,2130,SUBMATWAB251,1000.000
XW024026,3130,SUBMATWAB252,1000.000
XW024026,3330,SUBMATWAB253,1000.000
XW024028,2070,121102385A,1000.000
XW024028,2430,1011TR076A,2.344
XW024028,2070,1071F76004,0.710
XW024028,2130,1071F310JB,0.710
XW024028,3130,1071F310JB,0.710
XW024028,3330,1071F310JB,0.710
XW024028,2200,1091A07T21,20.748
XW024028,3200,1091A07T21,23.998
XW024028,3400,1091A07T21,26.418
XW024028,3600,1091A07T21,28.358
XW024028,2300,1081G1250B,0.099
XW024028,2410,1101L70540,24.000
XW024028,2070,SUBMATWAB250,1000.000
XW024028,2130,SUBMATWAB251,1000.000
XW024028,3130,SUBMATWAB252,1000.000
XW024028,3330,SUBMATWAB253,1000.000
YQ008253,2070,120101162B,1000.000
YQ008253,2430,1011TR011A,2.344
YQ008253,2070,1071F76004,0.710
YQ008253,2130,1071F310JB,0.710
YQ008253,2200,1091A07T21,16.048
YQ008253,3200,1091A07T21,17.018
YQ008253,2300,108192HF4B,0.117
YQ008253,2410,1231BAS00A,0.070
YQ008253,2070,SUBMATWAB247,1000.000
YQ008253,2130,SUBMATWAB248,1000.000
YQ008194,2070,120101061A,1000.000
YQ008194,2430,1011TR011A,2.292
YQ008194,2070,1071F76004,0.707
YQ008194,2130,1071F76001,0.046
YQ008194,2200,1091A09C21,44.078
YQ008194,2300,108192HF4A,0.130
YQ008194,2410,1231BAS00A,0.070
YQ008194,2070,SUBMATWAB209,1000.000
YQ008194,2130,SUBMATWAB210,1000.000
EL096105,2070,121102160A,1000.000
EL096105,2430,1011TR620A,5.682
EL096105,2070,1071P62022,6.098
EL096105,2200,1091A06T21,66.300
EL096105,2300,1081G750V2,0.210
EL096105,2410,1101G70545,96.000
KE162044,2070,121102264A,1000.000
KE162044,2430,1011TR687A,4.545
KE162044,2070,1071F76004,0.408
KE162044,2130,1071F76001,0.463
KE162044,2200,1091G08PA4,275.264
KE162044,2300,1081760LB7,0.168
KE162044,2410,1101G30530,162.000
KE162044,2070,SUBMATWAS116,1000.000
KE162044,2130,SUBMATWAS117,1000.000
EO078006,2070,121102388A,1000.000
EO078006,2430,1011TR677A,5.238
EO078006,2070,1071P62022,0.898
EO078006,2200,1091G08PA4,57.562
EO078006,2300,1081G750V7,0.173
EO078006,2410,1101L70545,78.000
D5016027,2052,1221C20008,6000.000
D5016027,2070,121100049B,1000.000
D5016027,2430,1011TR588B,11.224
D5016027,2070,1071F76004,0.075
D5016027,2130,1071F76004,1.483
D5016027,2200,1091A08T41,239.850
D5016027,2300,1081G1250B,0.471
D5016027,2052,1101T70525,8.680
D5016027,2070,SUBMATWAW088,1000.000
D5016027,2130,SUBMATWAW058,1000.000
D5016027,2052,SUBMATSAW007,1000.000
MA024054,2070,1071P20251,0.659
MA024054,2200,1091A07T41,11.950
MA024054,2300,1081125005,0.144
MA024054,2410,1101L70540,24.000
MA024054,2430,1011TR347A,2.292
MA024054,2070,121100142B,1000.000
MA024095,2070,1071F76004,0.669
MA024095,2200,1091A07T41,29.200
MA024095,2300,108112500B,0.144
MA024095,2410,1101L70540,24.000
MA024095,2430,1011TR347A,2.292
MA024095,2070,121100193A,1000.000
MV060007,2070,1071P20251,1.209
MV060007,2200,1091A09C21,108.948
MV060007,2410,1101L70545,60.000
MV060007,2430,1011TR038A,5.791
MV060007,2300,1081125001,0.220
MV060007,2070,121100808B,1000.000
XU084013,2300,10819740Z2,0.191
XU084013,2410,1101L70545,84.000
XU084013,2430,1011TR057B,6.791
XU084013,2070,121101167A,1000.000
XU084013,2070,1071F76004,0.992
XU084013,2130,1071F310V4,0.992
XU084013,2200,1091A09C21,259.570
XU084013,3200,1091A09C21,266.280
XU084013,2130,SUBMATWBU022,1000.000
XU084013,2070,SUBMATWBU021,1000.000
NL060013,2070,1071P20251,2.212
NL060013,2200,1091A08C21,94.066
NL060013,2300,1081125001,0.165
NL060013,2410,1101L70545,60.000
NL060013,2430,1011TR087A,3.667
NL060013,2070,121100848A,1000.000
MW048001,2070,1071P20251,2.358
MW048001,2200,1091A10C41,111.100
MW048001,2300,1081352003,0.275
MW048001,2410,1101L70535,48.000
MW048001,2430,1011TR058B,5.238
MW048001,2070,121100447A,1000.000
MF054007,2070,1071P20251,0.383
MF054007,2200,1091A07T41,117.630
MF054007,2300,1081125005,0.154
MF054007,2410,1101L70542,54.000
MF054007,2430,1011TR045A,3.161
MF054007,2070,121100531A,1000.000
2J044048,2052,1221C20036,2000.000
2J044048,2052,1221C20007,1000.000
2J044048,2070,121102231A,1000.000
2J044048,2070,1071F76004,0.166
2J044048,2130,1071F310V5,1.378
2J044048,2200,1091A06C41,71.872
2J044048,3200,1091A06C41,27.508
2J044048,2300,1081A381C1,0.160
2J044048,2052,1101T70525,8.680
2J044048,2052,SUBMATSHQ314,1000.000
2J044048,2070,SUBMATWHQ260,1000.000
2J044048,2130,SUBMATWHQ259,1000.000
EN078035,2070,121102382A,1000.000
EN078035,2430,1010TR709A,5.238
EN078035,2070,1071P62022,2.932
EN078035,2200,1091A06T21,71.082
EN078035,2300,1081G77161,0.167
EN078035,2410,1101G70545,78.000
EN078036,2070,121102381A,1000.000
EN078036,2430,1010TR709A,5.238
EN078036,2070,1071P62022,1.546
EN078036,2200,1091A06T21,70.568
EN078036,2300,1081G77161,0.186
EN078036,2410,1101G70545,78.000
6A008255,2052,1221C20040,7000.000
6A008255,2070,121101916A,1000.000
6A008255,2434,1011TR727A,9.167
6A008255,2070,1071F350L1,0.040
6A008255,2130,1071F76004,1.048
6A008255,3130,1071F76004,1.048
6A008255,2200,1091A06C41,86.804
6A008255,2300,1081E770A1,0.297
6A008255,2052,1101T70525,8.680
6A008255,2070,SUBMATWNV448,1000.000
6A008255,2130,SUBMATWNV542,1000.000
6A008255,3130,SUBMATWNV543,1000.000
6A008255,2052,SUBMATSNV411,1000.000
TR048048,2070,120101053A,1000.000
TR048048,2430,2111TR070A,11.458
TR048048,2070,1071F76004,1.008
TR048048,2130,1071F76004,1.008
TR048048,2200,1091A07C21,86.500
TR048048,2300,1081G631C1,0.717
TR048048,2410,1231BAS00A,0.070
TR048048,2070,SUBMATW117,1000.000
TR048048,2130,SUBMATWNV041,1000.000
6A008191,2052,1221C20040,6000.000
6A008191,2070,121101916A,1000.000
6A008191,2434,1011TR727A,9.167
6A008191,2070,1071F350L1,0.040
6A008191,2130,1071F76001,1.008
6A008191,2200,1091A06C41,78.844
6A008191,2300,1081E770A1,0.297
6A008191,2052,1101T70525,8.680
6A008191,2052,SUBMATSNV296,1000.000
6A008191,2070,SUBMATWNV419,1000.000
6A008191,2130,SUBMATWNV207,1000.000
6A008208,2052,1221C20036,3000.000
6A008208,2052,1221C20037,5000.000
6A008208,2052,1221R20049,1000.000
6A008208,2070,121101900A,1000.000
6A008208,2434,1011TR727A,9.167
6A008208,2070,1071F350L1,0.043
6A008208,2130,1071F76004,0.951
6A008208,2200,1091A06C41,96.630
6A008208,2300,1081E770A1,0.297
6A008208,2052,1101T70525,8.680
6A008208,2070,SUBMATWNV182,1000.000
6A008208,2130,SUBMATWNV449,1000.000
6A008208,2052,SUBMATSNV323,1000.000
TV048272,2070,120100526B,1000.000
TV048272,2430,1011TR070A,11.458
TV048272,2070,1071P49002,2.889
TV048272,2130,1071P49002,4.215
TV048272,2200,1091A07C41,86.766
TV048272,2300,108197HF03,0.778
TV048272,2410,1231BAS00A,0.070
TV048272,2070,SUBMATWOK069,1000.000
TV048272,2130,SUBMATWOK068,1000.000
IA000087,2021,1071FC86R3,0.111
IA000087,3720,1011CA306A,0.016
XT153174,2052,1221C20036,2000.000
XT153174,2070,121101946A,1000.000
XT153174,2430,1011TR439A,7.237
XT153174,2070,1071F350L1,0.067
XT153174,2130,1071F76004,1.136
XT153174,2200,1091A07C41,141.718
XT153174,2300,1081760LB7,0.322
XT153174,2052,1101T70525,8.680
XT153174,2410,1101L75830,153.000
XT153174,2052,SUBMATSSS006,1000.000
XT153174,2070,SUBMATWSS005,1000.000
XT153174,2130,SUBMATWSS006,1000.000
UO085001,2070,121102209A,1000.000
UO085001,2430,1011TR800A,3.125
UO085001,2070,1241F6317A,0.200
UO085001,2300,1081GE100D,0.083
UO085001,2410,1101L70530,85.000
TS066033,2070,120100857A,1000.000
TS066033,2430,1011TR024B,10.185
TS066033,2070,1071F76004,0.225
TS066033,2200,1091G08PA4,138.916
TS066033,2300,108192HF25,0.720
TS066033,2410,1231BAS00A,0.070
XZ048017,2410,1101L70535,48.000
XZ048017,2070,121101867A,1000.000
XZ048017,2430,1011TR393A,5.978
XZ048017,2070,1071P20254,2.189
XZ048017,2130,1071F76004,2.643
XZ048017,2200,1091A07C21,48.834
XZ048017,2070,SUBMATWVE018,1000.000
XZ048017,2130,SUBMATWVE019,1000.000
XZ048017,3130,SUBMATWVE020,1000.000
XZ048017,3130,1071P550E1,1.799
XZ048017,2300,1081760LB3,0.273
YD008064,2070,120100107A,1000.000
YD008064,2430,1011TR138A,1.931
YD008064,2070,1071P49001,0.686
YD008064,2130,1071F76004,0.181
YD008064,3130,1071P550E1,0.131
YD008064,2200,1091A08C41,23.148
YD008064,2300,108192HF4B,0.094
YD008064,2410,1231BAS00A,0.070
YD008064,2070,SUBMATWVE010,1000.000
YD008064,2130,SUBMATWVE011,1000.000
YD008064,3130,SUBMATWVE012,1000.000
YQ008234,2070,120100128A,1000.000
YQ008234,2430,1011TR347A,2.292
YQ008234,2070,1071F76004,0.455
YQ008234,2130,1071F310JB,0.455
YQ008234,2200,1091A08C41,21.770
YQ008234,3200,1091A09C41,28.772
YQ008234,2300,108192HF42,0.130
YQ008234,2410,1231BAS00A,0.070
YQ008234,2070,SUBMATWVG064,1000.000
YQ008234,2130,SUBMATWVG065,1000.000
EL096067,2070,121101893A,1000.000
EL096067,2430,1011TR620A,5.556
EL096067,2070,1071P62022,1.596
EL096067,2200,1091A07T21,85.100
EL096067,2300,1081G750V2,0.207
EL096067,2410,1101L70545,96.000
KE162005,2070,1071F76004,0.584
KE162005,2130,1071F76004,0.447
KE162005,2300,1081G1250B,0.179
KE162005,2410,1101L70530,162.000
KE162005,2070,SUBMATWAB047,1000.000
KE162005,2130,SUBMATWAB213,1000.000
KE162005,2430,1011TR556A,5.357
KE162005,2070,121101641A,1000.000
KE162005,2200,1091A07T21,257.480
YQ008240,2070,120101119A,1000.000
YQ008240,2430,1011TR011A,2.344
YQ008240,2070,1071F76004,0.360
YQ008240,2130,1071F76004,0.049
YQ008240,2200,1091A08T21,45.694
YQ008240,2300,108192HF4B,0.117
YQ008240,2410,1231BAS00A,0.070
YQ008240,2070,SUBMATWAB126,1000.000
YQ008240,2130,SUBMATWAB123,1000.000
XJ024098,2070,121100211A,1000.000
XJ024098,2430,1011TR076A,2.344
XJ024098,2070,1071F76004,0.707
XJ024098,2130,1071F310JB,0.707
XJ024098,3130,1071F310JB,0.707
XJ024098,3330,1071F310JB,0.707
XJ024098,2200,1091A07T21,7.642
XJ024098,3200,1091A07T21,9.192
XJ024098,3400,1091A07T21,11.002
XJ024098,3600,1091A07T21,13.000
XJ024098,2300,1081G1250B,0.098
XJ024098,2410,1101L70540,24.000
XJ024098,2070,SUBMATWAB203,1000.000
XJ024098,2130,SUBMATWAB198,1000.000
XJ024098,3130,SUBMATWAB198,1000.000
XJ024098,3330,SUBMATWAB198,1000.000
YQ008217,2070,120101121A,1000.000
YQ008217,2430,1011TR011A,2.344
YQ008217,2070,1071P49002,2.450
YQ008217,2200,1091A07T21,20.130
YQ008217,2300,108192HF4B,0.117
YQ008217,2410,1231BAS00A,0.070
YD008155,2070,120101120A,1000.000
YD008155,2430,1011TR138A,1.974
YD008155,2070,1071F76001,0.360
YD008155,2130,1071F76004,0.049
YD008155,2200,1091A07T21,30.284
YD008155,2300,108192HF4B,0.071
YD008155,2410,1231BAS00A,0.070
YD008155,2070,SUBMATWAB148,1000.000
YD008155,2130,SUBMATWAB149,1000.000
XJ024086,2070,121100211A,1000.000
XJ024086,2430,1011TR076A,2.344
XJ024086,2070,1071F76004,0.707
XJ024086,2130,1071F310JB,0.707
XJ024086,2200,1091A07T21,8.500
XJ024086,3200,1091A07T21,12.400
XJ024086,2300,1081G1250B,0.098
XJ024086,2410,1101L70540,24.000
XJ024086,2070,SUBMATWAB173,1000.000
XJ024086,2130,SUBMATWAB174,1000.000
YM008169,2070,120101082A,1000.000
YM008169,2070,1071F76004,0.043
YM008169,2200,1091A07T21,10.950
YM008169,2300,1081G700L1,0.018
YM008169,2410,1231BAS00A,0.070
YD008150,2070,120101120A,1000.000
YD008150,2430,1011TR138A,1.974
YD008150,2070,1071F76001,0.360
YD008150,2200,1091A07T21,16.624
YD008150,2300,108192HF4B,0.071
YD008150,2410,1231BAS00A,0.070
MA024292,2070,121102416A,1000.000
MA024292,2430,1011TR076A,2.344
MA024292,2070,1071F76004,0.244
MA024292,2200,1091A07T21,12.978
MA024292,2300,1081760LB7,0.099
MA024292,2410,1101L70540,24.000
EL096087,2070,121102183A,1000.000
EL096087,2430,1011TR698A,5.556
EL096087,2070,1071P62022,1.787
EL096087,2200,1091G08PA4,76.998
EL096087,2300,1081G750V2,0.207
EL096087,2410,1101L70545,96.000
NW063066,2070,121101918A,1000.000
NW063066,2430,1011TR379A,5.000
NW063066,2070,1071F76004,0.745
NW063066,2200,1091G08PA4,38.436
NW063066,2300,1081760LB7,0.204
NW063066,2410,1101G30542,63.000
YQ008166,2070,120100109A,1000.000
YQ008166,2430,1011TR042A,2.292
YQ008166,2070,1071F76004,0.407
YQ008166,2200,1091G08PA4,13.000
YQ008166,2300,10819240HD,0.106
YQ008166,2410,1231BAS00A,0.070
EL096009,2070,121101303A,1000.000
EL096009,2430,1011TR698A,5.556
EL096009,2070,1071P62022,1.668
EL096009,2200,1091G08PA1,72.000
EL096009,2300,1081G750V2,0.207
EL096009,2410,1101L70545,96.000
D5016043,2052,1221C20008,6000.000
D5016043,2430,1011TR588B,11.224
D5016043,2070,1071F76004,0.075
D5016043,2130,1071F76004,1.483
D5016043,2200,1091A08T41,239.850
D5016043,2300,1081G1250B,0.471
D5016043,2052,1101T70525,8.680
D5016043,2070,SUBMATWAW088,1000.000
D5016043,2130,SUBMATWAW058,1000.000
D5016043,2052,SUBMATSAW007{SMT},1000.000
D5016043,2070,1281S0003A,1000.000
TP048117,2070,120100482A,1000.000
TP048117,2430,1011TR070A,11.459
TP048117,2070,1071F76004,0.749
TP048117,2130,1071F76004,0.477
TP048117,3130,1071F76004,0.075
TP048117,2200,1091A08T41,285.181
TP048117,2300,108197HF02,0.717
TP048117,2410,1231BAS00A,0.070
TP048117,2070,SUBMATWAW096,1000.000
TP048117,2130,SUBMATWAW085,1000.000
TP048117,3130,SUBMATWAW086,1000.000
MA024097,2070,1071F76004,0.669
MA024097,2200,1091A07T41,24.600
MA024097,2300,108112500B,0.144
MA024097,2410,1101L70540,24.000
MA024097,2430,1011TR347A,2.292
MA024097,2070,121100194A,1000.000
MR064042,2070,1071P20251,2.300
MR064042,2200,1091A07C41,75.800
MR064042,2300,1081G1250B,0.367
MR064042,2410,1101L70560,64.000
MR064042,2430,1011TR035A,7.640
MR064042,2070,121100949A,1000.000
TP048178,2070,120101126A,1000.000
TP048178,2430,1011TR070A,11.458
TP048178,2070,1071F76004,1.259
TP048178,2200,1091A08T41,103.968
TP048178,2300,108197HF02,0.717
TP048178,2410,1231BAS00A,0.070
EF096033,2070,121101345A,1000.000
EF096033,2430,1011TR333B,5.791
EF096033,2070,1071P62022,2.748
EF096033,2200,1091A07T21,77.890
EF096033,2300,10819240HF,0.248
EF096033,2410,1101G70545,96.000
TA086024,2070,120100935C,1000.000
TA086024,2430,1011TR119A,10.185
TA086024,2070,1071P49001,1.330
TA086024,2200,1091A09C21,179.300
TA086024,2300,108192HF26,1.125
TA086024,2410,1231BAS00A,0.070
MF054024,2070,121102369A,1000.000
MF054024,2430,1011TR045A,3.161
MF054024,2070,1071F76004,0.188
MF054024,2200,1091A08C21,61.610
MF054024,2300,1081G1250B,0.137
MF054024,2410,1101L70545,54.000
EF096070,2070,121101350B,1000.000
EF096070,2430,1011TR333B,5.789
EF096070,2070,1071P62022,4.192
EF096070,2130,1071F310JB,0.975
EF096070,2200,1091A07C21,84.490
EF096070,3200,1091A09C21,129.000
EF096070,2300,10819240HF,0.260
EF096070,2410,1101L70545,96.000
EF096070,2070,SUBMATWBU062,1000.000
EF096070,2130,SUBMATWBU063,1000.000
MW048010,2070,1071P20251,2.358
MW048010,2200,1091A10C41,108.900
MW048010,2300,1081352003,0.275
MW048010,2410,1101L70535,48.000
MW048010,2430,1011TR058B,5.238
MW048010,2070,121100447A,1000.000
EF096045,2070,121101350B,1000.000
EF096045,2430,1011TR333B,5.789
EF096045,2070,1071P62022,4.192
EF096045,2130,1071F310JB,0.975
EF096045,2200,1091A07C21,84.490
EF096045,3200,1091A09C21,129.000
EF096045,2300,10819240HF,0.260
EF096045,2410,1101L70545,96.000
EF096045,2070,SUBMATWBU039,1000.000
EF096045,2130,SUBMATWBU040,1000.000
AB036109,2070,1071P49001,1.036
AB036109,2200,1091A07C41,82.190
AB036109,2300,1081G770G1,0.159
AB036109,2430,1011TR139A,2.245
AB036109,2070,120100233A,1000.000
YB032011,2070,120100213A,1000.000
YB032011,2430,1011TR174A,2.245
YB032011,2070,1071P49001,0.584
YB032011,2200,1091A08C41,48.072
YB032011,2300,1081G700L1,0.044
AF072132,2070,1071P49001,1.922
AF072132,2200,1091A07C41,227.763
AF072132,2300,1081G770G4,0.300
AF072132,2430,1011TR143A,6.548
AF072132,2070,120100921A,1000.000
TR048130,2070,120101053A,1000.000
TR048130,2430,1011TR070A,11.458
TR048130,2070,1071F76004,1.645
TR048130,2130,1071F90020,1.645
TR048130,2200,1091A07C21,78.056
TR048130,2300,1081G631H2,0.717
TR048130,2410,1231BAS00A,0.070
TR048130,2070,SUBMATWCM022,1000.000
TR048130,2130,SUBMATWEU035,1000.000
6B008037,2052,1221C20040,6000.000
6B008037,2070,121101997A,1000.000
6B008037,2434,1011TR746A,9.167
6B008037,2070,1071F350L1,0.061
6B008037,2130,1071F76004,1.731
6B008037,3130,1071F90020,1.645
6B008037,2200,1091A06C41,80.754
6B008037,2300,1081G771F1,0.266
6B008037,2052,1101T70525,8.680
6B008037,2070,SUBMATWEU047,1000.000
6B008037,2130,SUBMATWCM524,1000.000
6B008037,3130,SUBMATWEU043,1000.000
6B008037,2052,SUBMATSEU020,1000.000
N9134002,2070,121101527A,1000.000
N9134002,2430,1011TR678A,6.433
N9134002,2070,1071F76004,0.402
N9134002,2200,1091A08C41,213.342
N9134002,2300,1081760LB7,0.232
N9134002,2410,1101L70530,134.000
2J044032,2052,1221C20007,6000.000
2J044032,2052,1221D20001,1000.000
2J044032,2070,121102226A,1000.000
2J044032,2070,1071F76004,0.175
2J044032,2130,1071F40001,1.350
2J044032,2200,1091A06C41,49.728
2J044032,3200,1091A06C41,33.878
2J044032,2300,1081A381C1,0.193
2J044032,2052,1101T70525,8.680
2J044032,2070,SUBMATWHQ147,1000.000
2J044032,2130,SUBMATWHQ178,1000.000
2J044032,2052,SUBMATSHQ287,1000.000
2J044053,2070,121102226A,1000.000
2J044053,2070,1071F76004,1.378
2J044053,2200,1091A06C41,0.000
2J044053,2300,1081A381C1,0.193
5V034011,2052,1221C20005,2000.000
5V034011,2052,1221C20007,5000.000
5V034011,2052,1221D20001,1000.000
5V034011,2052,1221D20004,1000.000
5V034011,2070,121102271A,1000.000
5V034011,2070,1071F76004,0.149
5V034011,2130,1071F350L2,0.198
5V034011,3130,1071F40001,1.453
5V034011,2200,1091A06C41,47.214
5V034011,3200,1091A06C41,22.686
5V034011,2300,1081A381C1,0.108
5V034011,2052,1101T70525,8.680
5V034011,2070,SUBMATWHQ247,1000.000
5V034011,2130,SUBMATWHQ248,1000.000
5V034011,3130,SUBMATWHQ184,1000.000
5V034011,2052,SUBMATSHQ309,1000.000
5N022011,2070,121102230A,1000.000
5N022011,2070,1071F76004,1.545
5N022011,2200,1091A06C41,22.496
5N022011,2300,1081A381C1,0.150
2J044033,2052,1221C20007,6000.000
2J044033,2052,1221D20001,1000.000
2J044033,2070,121102226A,1000.000
2J044033,2070,1071F76004,0.175
2J044033,2130,1071F40001,1.350
2J044033,2200,1091A06C41,49.728
2J044033,3200,1091A06C41,33.878
2J044033,2300,1081A381C1,0.176
2J044033,2052,1101T70525,8.680
2J044033,2070,SUBMATWHQ147,1000.000
2J044033,2130,SUBMATWHQ179,1000.000
2J044033,2052,SUBMATSHQ288,1000.000
TW048495,2070,120100503A,1000.000
TW048495,2430,1010TR251A,11.458
TW048495,2070,1071F76004,0.845
TW048495,2200,1091A08T41,86.080
TW048495,2300,10819240H4,0.717
TW048495,2410,1231BAS00A,0.070
TW048495,2070,SUBMATWMS044,4000.000
NR060015,2200,1091A07T21,104.680
NR060015,2410,1101L70542,60.000
NR060015,2300,1081G77104,0.156
NR060015,2430,1010TR010A,3.704
NR060015,2070,1071F76005,0.806
NR060015,2070,121100827A,1000.000
TW048487,2070,120100415A,1000.000
TW048487,2430,1010TR251A,11.458
TW048487,2200,1091A07T41,52.850
TW048487,2300,108192HF07,0.717
TW048487,2410,1231BAS00A,0.070
TW048487,2070,1071F76004,1.077
EF096061,2070,121101949A,1000.000
EF096061,2430,1010TR276A,5.789
EF096061,2070,1071P62022,3.951
EF096061,2200,1091A06T21,80.218
EF096061,2300,1081G771S1,0.207
EF096061,2410,1101G30245,96.000
YZ008004,2410,1231BAS00A,0.070
YZ008004,2300,108192HF36,0.009
YZ008004,2070,120100008A,1000.000
YZ008004,3720,1011CA139A,0.014
YZ008004,2070,1241FAC26S,0.083
OF016610,2300,108192HF36,0.000
OF016610,2070,120100169A,0.000
OF016610,3720,1011CA214A,0.014
OF016610,2070,1241FAC26S,0.000
OF016005,2410,1231BAS00A,0.070
OF016005,2070,120100169A,1000.000
OF016005,2300,108192HF36,0.012
OF016005,2070,1241FAC26S,0.083
YU020001,2070,1071F76004,0.088
YU020001,2200,1091A08T41,16.380
YU020001,2300,108192HF36,0.016
YU020001,2410,1231BAS00A,0.070
YU020001,2070,120100185B,1000.000
YK008046,2070,120101106A,1000.000
YK008046,2070,1071P10764,0.064
YK008046,2200,1091A08T41,6.962
YK008046,2300,108192HF42,0.012
YK008046,2410,1231BAS00A,0.070
6A008253,2052,1221C20040,7000.000
6A008253,2070,121101916A,1000.000
6A008253,2434,1011TR753A,9.167
6A008253,2070,1071F350L1,0.042
6A008253,2130,1071F76004,1.048
6A008253,3130,1071F76004,1.048
6A008253,2200,1091A06C41,86.804
6A008253,2300,1081E770A1,0.297
6A008253,2052,1101T70525,8.680
6A008253,2070,SUBMATWNV448,1000.000
6A008253,2130,SUBMATWNV542,1000.000
6A008253,3130,SUBMATWNV543,1000.000
6A008253,2052,SUBMATSNV409,1000.000
6A008254,2052,1221C20040,7000.000
6A008254,2070,121101916A,1000.000
6A008254,2434,1011TR753A,9.167
6A008254,2070,1071F350L1,0.042
6A008254,2130,1071F76004,1.008
6A008254,2200,1091A06C41,80.594
6A008254,2300,1081E770A1,0.297
6A008254,2052,1101T70525,8.680
6A008254,2070,SUBMATWNV448,1000.000
6A008254,2130,SUBMATWNV544,1000.000
6A008254,2052,SUBMATSNV410,1000.000
TR048062,2070,120101053A,1000.000
TR048062,2430,2111TR070A,11.458
TR048062,2070,1071F76004,0.951
TR048062,2200,1091A07C21,86.500
TR048062,2300,1081G631H2,0.717
TR048062,2410,1231BAS00A,0.070
XT153251,2052,1221C20036,2000.000
XT153251,2070,121101938A,1000.000
XT153251,2430,1011TR439A,7.237
XT153251,2070,1071F350L1,0.068
XT153251,2130,1071F76004,1.488
XT153251,2200,1091A07C41,151.646
XT153251,2300,1081G771F1,0.231
XT153251,2052,1101T70525,8.680
XT153251,2410,1101L75830,153.000
XT153251,2070,SUBMATWNV192,1000.000
XT153251,2130,SUBMATWNV529,1000.000
XT153251,2052,SUBMATSNV416,1000.000
XT153217,2052,1221C20016,2000.000
XT153217,2070,121101938A,1000.000
XT153217,2430,1011TR439A,7.237
XT153217,2070,1071F350L1,0.067
XT153217,2130,1071F76004,0.951
XT153217,2200,1091A07C41,256.526
XT153217,2300,10819740Z2,0.220
XT153217,2052,1101T70525,8.680
XT153217,2410,1101L75830,153.000
XT153217,2052,SUBMATSNV341,1000.000
XT153217,2070,SUBMATWNV192,1000.000
XT153217,2130,SUBMATWNV216,1000.000
6A008258,2052,1221C20036,3000.000
6A008258,2052,1221C20037,5000.000
6A008258,2052,1221R20049,1000.000
6A008258,2070,121101900A,1000.000
6A008258,2434,1011TR727A,9.167
6A008258,2070,1071F350L1,0.047
6A008258,2130,1071F76004,1.175
6A008258,2200,1091A06C41,91.756
6A008258,2300,1081E770A1,0.297
6A008258,2052,1101T70525,8.680
6A008258,2070,SUBMATWNV182,1000.000
6A008258,2130,SUBMATWNV513,1000.000
6A008258,2052,SUBMATSNV417,1000.000
XT153249,2052,1221C20036,2000.000
XT153249,2070,121101938A,1000.000
XT153249,2430,1011TR439A,7.237
XT153249,2070,1071F350L1,0.067
XT153249,2130,1071F76004,0.953
XT153249,2200,1091A07C41,151.646
XT153249,2300,1081G771F1,0.340
XT153249,2052,1101T70525,8.580
XT153249,2410,1101L75830,153.000
XT153249,2070,SUBMATWNV192,1000.000
XT153249,2130,SUBMATWNV551,1000.000
XT153249,2052,SUBMATSNV413,1000.000
XT153127,2052,1221C20036,2000.000
XT153127,2070,121101938A,1000.000
XT153127,2430,1011TR439A,7.237
XT153127,2070,1071F350L1,0.067
XT153127,2130,1071F76004,2.934
XT153127,2200,1091A07C41,177.268
XT153127,2300,10819740Z3,0.243
XT153127,2052,1101T70525,8.680
XT153127,2410,1101L75830,153.000
XT153127,2052,SUBMATSNV184,1000.000
XT153127,2070,SUBMATWNV192,1000.000
XT153127,2130,SUBMATWNV218,2000.000
X2132463,2070,121102076A,1000.000
X2132463,2430,1011TR726A,9.821
X2132463,2070,1071F90020,2.323
X2132463,2130,1071F90010,6.971
X2132463,3130,1071F90010,9.295
X2132463,2200,1091A07C41,146.950
X2132463,3200,1091A07C41,147.140
X2132463,2300,1081G771F1,0.463
X2132463,2410,1101L70542,132.000
X2132463,2070,SUBMATWNV489,1000.000
X2132463,2130,SUBMATWNV505,3000.000
X2132463,3130,SUBMATWNV505,4000.000
D5016063,2052,1221C30020,2000.000
D5016063,2052,1221C30021,1000.000
D5016063,2070,121100053A,1000.000
D5016063,2430,1011TR588B,11.224
D5016063,2070,1071F350L1,0.289
D5016063,2130,1071F76004,1.467
D5016063,2200,1091A07C41,103.596
D5016063,2300,1081760LB7,0.478
D5016063,2052,1101T70525,8.680
D5016063,2052,SUBMATSOK004,1000.000
D5016063,2070,SUBMATWOK053,1000.000
D5016063,2130,SUBMATWOK055,1000.000
MV09077,2070,121101966A,1000.000
MV09077,2430,1011TR435A,4.583
MV09077,2070,1071F350L1,0.064
MV09077,2200,1091A07T21,50.820
MV09077,2300,1081760LB7,0.225
MV09077,2410,1101L70545,90.000
EI096025,2070,121101963A,1000.000
EI096025,2070,1071P62022,2.948
EI096025,2200,1091A07T21,83.618
EI096025,2300,108117HFU8,0.222
EI096025,2410,1101L70545,96.000
EI096025,2430,1011TR733A,5.263
TT044004,2070,120100260A,1000.000
TT044004,2430,1011TR117A,8.148
TT044004,2070,1071F76004,0.252
TT044004,2130,1071P550E1,0.172
TT044004,2200,1091A08C41,75.046
TT044004,2300,10819240H4,0.717
TT044004,2410,1231BAS00A,0.070
TT044004,2070,SUBMATWVE033,1000.000
TT044004,2130,SUBMATWVE034,1000.000
YD008056,2070,120100107A,1000.000
YD008056,2430,1011TR138A,1.931
YD008056,2070,1071P49001,1.680
YD008056,2130,1071F76004,0.809
YD008056,3130,1071P550E1,0.505
YD008056,2200,1091A08C41,11.060
YD008056,2300,108192HF4B,0.094
YD008056,2410,1231BAS00A,0.070
YD008056,2070,SUBMATWVE007,1000.000
YD008056,2130,SUBMATWVE008,1000.000
YD008056,3130,SUBMATWVE009,1000.000
TS054019,2070,120100715A,1000.000
TS054019,2300,108197HF02,0.720
TS054019,2410,1231BAS00A,0.070
TS054019,2430,1011TR585A,10.185
TS054019,2200,1091A08T21,69.600
TS054019,2130,1071F76004,2.643
TS054019,2070,SUBMATWVE001,1000.000
TS054019,2130,SUBMATWVE002,1000.000
TS054019,3130,SUBMATWVE041,1000.000
TS054019,2070,1071P81431,4.960
TS054019,3130,1071P550E1,1.799
XV048001,2070,121100497A,1000.000
XV048001,2430,1011TR084A,3.161
XV048001,2070,1071F76004,0.252
XV048001,2130,1071P550E1,0.172
XV048001,2200,1091A07C41,62.780
XV048001,2300,1081125007,0.320
XV048001,2410,1101L70535,48.000
XV048001,2070,SUBMATWVE016,1000.000
XV048001,2130,SUBMATWVE017,1000.000
YD008089,2070,120100107A,1000.000
YD008089,2430,1011TR138A,1.930
YD008089,2070,1071P49001,1.680
YD008089,2130,1071F76004,0.809
YD008089,3130,1071P550E1,0.505
YD008089,2200,1091A08C41,20.700
YD008089,2300,108192HF4B,0.094
YD008089,2410,1231BAS00A,0.070
YD008089,2070,SUBMATWVE013,1000.000
YD008089,2130,SUBMATWVE014,1000.000
YD008089,3130,SUBMATWVE015,1000.000
MT056047,2070,121102035A,1000.000
MT056047,2430,1011TR279A,4.583
MT056047,2070,1071F76004,0.446
MT056047,2200,1091A07C21,57.568
MT056047,2300,1081G1250C,0.143
MT056047,2410,1101L70540,56.000
Y6008104,2070,120101079A,1000.000
Y6008104,2070,1071F76004,0.079
Y6008104,2200,1091A07C41,12.890
Y6008104,2300,108192HF42,0.034
Y6008104,2410,1231BAS00A,0.070
TH056165,2070,120100768A,1000.000
TH056165,2430,1011TR023A,11.458
TH056165,2070,1071F76004,0.446
TH056165,2200,1091A10C41,217.506
TH056165,2300,1081G631C2,0.788
TH056165,2410,1231BAS00A,0.070
CC084205,2070,121101104A,1000.000
CC084205,2430,1011TR095A,5.500
CC084205,2070,1071P62022,1.272
CC084205,2200,1091A07T21,54.064
CC084205,2300,108117HFU8,0.222
CC084205,2410,1101L70545,84.000
6A008231,2052,1221C20040,4000.000
6A008231,2070,121101916A,1000.000
6A008231,2434,1011TR727A,9.167
6A008231,2070,1071F76004,1.645
6A008231,2130,1071F350L1,0.027
6A008231,2200,1091G07PA4,98.642
6A008231,2300,1081E770A1,0.297
6A008231,2052,1101T70525,8.680
6A008231,2070,SUBMATWZA018,1000.000
6A008231,2130,SUBMATWZA031,1000.000
6A008231,2052,SUBMATSZA037,1000.000
6A008184,2052,1221C20040,4000.000
6A008184,2070,121101916A,1000.000
6A008184,2434,1011TR727A,9.167
6A008184,2070,1071F76004,1.645
6A008184,2130,1071F350L1,0.027
6A008184,2200,1091G07PA4,98.642
6A008184,2300,1081E770A1,0.297
6A008184,2052,1101T70525,8.680
6A008184,2052,SUBMATSZA024,1000.000
6A008184,2070,SUBMATWZA019,1000.000
6A008184,2130,SUBMATWZA031,1000.000
YQ008243,2070,120101119A,1000.000
YQ008243,2430,1011TR011A,2.344
YQ008243,2070,1071P49002,1.833
YQ008243,2200,1091A07T21,21.114
YQ008243,2300,108192HF4B,0.117
YQ008243,2410,1231BAS00A,0.070
NR060047,2070,121102396A,1000.000
NR060047,2430,1011TR085A,3.606
NR060047,2070,1071P20251,0.474
NR060047,2200,1091A07T21,94.184
NR060047,2300,1081G1250B,0.153
NR060047,2410,1101L03442,60.000
XM063010,2070,121102079A,1000.000
XM063010,2430,1011TR614A,5.357
XM063010,2070,1071F76004,1.442
XM063010,2130,1071F310JB,1.442
XM063010,2200,1091A07T21,30.446
XM063010,3200,1091A07T21,31.946
XM063010,2300,1081G1250B,0.204
XM063010,2410,1101L70545,63.000
XM063010,2070,SUBMATWAB211,1000.000
XM063010,2130,SUBMATWAB212,1000.000
NR060048,2070,121102394A,1000.000
NR060048,2430,1011TR085A,3.606
NR060048,2070,1071F76004,0.422
NR060048,2200,1091A07T21,118.644
NR060048,2300,1081G1250B,0.153
NR060048,2410,1101L03442,60.000
RB084005,2070,121102405A,1000.000
RB084005,2430,1011TR052A,5.383
RB084005,2070,1071P20251,0.393
RB084005,2200,1091A07T21,97.306
RB084005,2300,1081G1250B,0.218
RB084005,2410,1101L70545,84.000
TW048407,2200,1091A08T21,64.500
TW048407,2300,108197HF02,0.717
TW048407,2410,1231BAS00A,0.070
TW048407,2430,1011TR070A,11.719
TW048407,2070,120100407A,1000.000
TW048407,2070,1071F76004,2.884
TW048407,2070,SUBMATWAB043,2000.000
NN178002,2070,121102176A,1000.000
NN178002,2430,1011TR424B,5.952
NN178002,2070,1071F76004,0.402
NN178002,2200,1091A07T21,102.792
NN178002,2300,1081760LB7,0.255
NN178002,2410,1101L70530,178.000
NB054013,2070,1071P20251,0.569
NB054013,2200,1091A08T21,60.900
NB054013,2300,1081125001,0.132
NB054013,2410,1101L70545,54.000
NB054013,2430,1011TR043A,3.527
NB054013,2070,121100587A,1000.000
TN054110,2070,1071P49001,1.150
TN054110,2200,1091A07T21,119.000
TN054110,2300,108192HF25,0.720
TN054110,2410,1231BAS00A,0.070
TN054110,2430,1011TR028A,10.417
TN054110,2070,120100600A,1000.000
TN054104,2070,1071P49001,0.820
TN054104,2200,1091A07T21,120.620
TN054104,2300,108192HF25,0.720
TN054104,2410,1231BAS00A,0.070
TN054104,2430,1011TR028A,10.500
TN054104,2070,120100630A,1000.000
YQ008152,2070,120101059A,1000.000
YQ008152,2430,1011TR011A,2.292
YQ008152,2070,1071F76004,0.504
YQ008152,2130,1071F310JB,0.504
YQ008152,2200,1091A07T21,16.500
YQ008152,3200,1091A07T21,14.590
YQ008152,2300,108192HF4A,0.130
YQ008152,2410,1231BAS00A,0.070
YQ008152,2070,SUBMATWAB177,1000.000
YQ008152,2130,SUBMATWAB178,1000.000
YQ008207,2070,120101061A,1000.000
YQ008207,2430,1011TR011A,2.344
YQ008207,2070,1071F76004,0.710
YQ008207,2200,1091A07T21,11.824
YQ008207,2300,108192HF4A,0.130
YQ008207,2410,1231BAS00A,0.070
TN054102,2070,1071P49001,0.635
TN054102,2200,1091A07T21,110.010
TN054102,2300,108192HF25,0.720
TN054102,2410,1231BAS00A,0.070
TN054102,2430,1011TR028A,10.500
TN054102,2070,120100626A,1000.000
NR054004,2070,121102218A,1000.000
NR054004,2430,1011TR085A,3.606
NR054004,2070,1071F76004,0.242
NR054004,2200,1091A08T21,94.588
NR054004,2300,1081G1250B,0.153
NR054004,2410,1101L03442,54.000
NW063076,2070,121101925A,1000.000
NW063076,2430,1011TR614A,5.357
NW063076,2070,1071F76005,0.480
NW063076,2200,1091A07T21,28.900
NW063076,2300,1081G1250B,0.204
NW063076,2410,1101G70545,63.000
MA024243,2070,121102018A,1000.000
MA024243,2430,1011TR076A,2.344
MA024243,2070,1071P20251,0.207
MA024243,2200,1091A07T21,14.776
MA024243,2300,1081G1250B,0.100
MA024243,2410,1101L03440,24.000
YB008027,2200,1091A07T21,14.450
YB008027,2300,108192HF42,0.045
YB008027,2410,1231BAS00A,0.070
YB008027,2070,120100081A,1000.000
YB008027,2070,1071F76004,0.150
YQ008170,2070,120101061A,1000.000
YQ008170,2430,1011TR011A,2.344
YQ008170,2070,1071F76004,0.707
YQ008170,2200,1091A07T21,10.490
YQ008170,2300,108192HF4A,0.130
YQ008170,2410,1231BAS00A,0.070
MA024233,2070,121102018A,1000.000
MA024233,2430,1011TR076A,2.344
MA024233,2070,1071P20251,0.424
MA024233,2200,1091A07T21,11.914
MA024233,2300,1081G1250B,0.100
MA024233,2410,1101L03440,24.000
NR060038,2070,121102217A,1000.000
NR060038,2430,1011TR085A,3.606
NR060038,2070,1071F76004,0.422
NR060038,2200,1091A07T21,118.644
NR060038,2300,1081G1250B,0.153
NR060038,2410,1101L03442,60.000
TW048394,2200,1091A07T21,43.210
TW048394,2300,108197HF02,0.717
TW048394,2410,1231BAS00A,0.070
TW048394,2430,1011TR070A,11.719
TW048394,2070,1071F76004,0.479
TW048394,2070,120100377A,1000.000
YQ008252,2070,120101121A,1000.000
YQ008252,2430,1011TR011A,2.344
YQ008252,2070,1071P49002,1.756
YQ008252,2200,1091A07T21,21.104
YQ008252,2300,108192HF4B,0.117
YQ008252,2410,1231BAS00A,0.070
YQ008251,2070,120101121A,1000.000
YQ008251,2430,1011TR011A,2.344
YQ008251,2070,1071P49002,1.756
YQ008251,2200,1091A07T21,21.104
YQ008251,2300,108192HF4B,0.117
YQ008251,2410,1231BAS00A,0.070
CC084180,2070,121101788A,1000.000
CC084180,2430,1011TR097A,5.263
CC084180,2070,1071P62022,1.121
CC084180,2200,1091A07T21,50.700
CC084180,2300,10819240HF,0.220
CC084180,2410,1101G70545,84.000
TS054044,2070,120100598A,1000.000
TS054044,2430,1011TR028A,10.500
TS054044,2070,1071P49001,1.150
TS054044,2200,1091A07T21,117.464
TS054044,2300,108192HF25,0.720
TS054044,2410,1231BAS00A,0.070
TW048396,2200,1091A07T21,38.240
TW048396,2300,108197HF02,0.717
TW048396,2410,1231BAS00A,0.070
TW048396,2430,1011TR070A,11.719
TW048396,2070,1071F76004,1.442
TW048396,2070,120100407A,1000.000
EM060004,2070,121102021B,1000.000
EM060004,2430,1011TR656A,4.261
EM060004,2070,1071P62022,3.895
EM060004,2200,1091A07T21,47.832
EM060004,2300,10819240HF,0.158
EM060004,2410,1101G70545,60.000
MA024215,2070,121102018A,1000.000
MA024215,2430,1011TR076A,2.344
MA024215,2070,1071P20251,0.723
MA024215,2200,1091A07T21,10.224
MA024215,2300,1081G1250B,0.099
MA024215,2410,1101L70540,24.000
N9134015,2070,121102117A,1000.000
N9134015,2430,1011TR678A,6.579
N9134015,2070,1071F76004,0.402
N9134015,2200,1091A07T21,138.574
N9134015,2300,1081760LB7,0.232
N9134015,2410,1101L70542,134.000
YM008152,2070,120101086A,1000.000
YM008152,2070,1071F76004,0.049
YM008152,2200,1091A07T21,6.302
YM008152,2300,1081G700L1,0.018
YM008152,2410,1231BAS00A,0.070
TW048404,2200,1091A07T21,38.000
TW048404,2300,108197HF02,0.717
TW048404,2410,1231BAS00A,0.070
TW048404,2430,1011TR070A,11.719
TW048404,2070,1071F76004,0.828
TW048404,2070,120100377A,1000.000
EF096050,2070,121101819A,1000.000
EF096050,2430,1011TR433A,5.789
EF096050,2070,1071P62022,5.919
EF096050,2200,1091A07T21,76.350
EF096050,2300,10819240HB,0.220
EF096050,2410,1101G70545,96.000
MA024217,2070,121101765A,1000.000
MA024217,2430,1011TR076A,2.344
MA024217,2070,1071F76004,0.056
MA024217,2200,1091A07T21,20.884
MA024217,2300,1081G1250B,0.099
MA024217,2410,1101L70540,24.000
MA024239,2070,121102018A,1000.000
MA024239,2430,1011TR076A,2.344
MA024239,2070,1071P20251,0.285
MA024239,2200,1091A07T21,17.974
MA024239,2300,1081G1250B,0.100
MA024239,2410,1101L03440,24.000
NW063077,2070,121101925A,1000.000
NW063077,2430,1011TR614A,5.357
NW063077,2070,1071F76004,0.589
NW063077,2200,1091A07T21,28.570
NW063077,2300,1081G1250B,0.204
NW063077,2410,1101G70545,63.000
MA024158,2070,121100211A,1000.000
MA024158,2430,1011TR076A,2.344
MA024158,2070,1071F76004,0.707
MA024158,2200,1091A07T21,9.462
MA024158,2300,1081G1250B,0.098
MA024158,2410,1101L70540,24.000
NW063099,2070,121102056A,1000.000
NW063099,2430,1011TR614A,5.357
NW063099,2070,1071F76004,0.890
NW063099,2200,1091A07T21,33.664
NW063099,2300,1081G1250B,0.204
NW063099,2410,1101G70545,63.000
YB008023,2200,1091A07T21,13.510
YB008023,2300,108192HF42,0.045
YB008023,2410,1231BAS00A,0.070
YB008023,2070,120100081A,1000.000
YB008023,2070,1071F76004,0.070
Y6008129,2070,120101055A,1000.000
Y6008129,2070,1071F76001,0.044
Y6008129,2200,1091G08PA4,11.104
Y6008129,2300,10819240HD,0.028
Y6008129,2410,1231BAS00A,0.070
YQ008114,2070,120100130A,1000.000
YQ008114,2430,1011TR042A,2.292
YQ008114,2070,1071F76004,0.407
YQ008114,2200,1091G08PA4,33.530
YQ008114,2300,108192HF42,0.130
YQ008114,2410,1231BAS00A,0.070
EL096070,2070,121102023A,1000.000
EL096070,2430,1011TR698A,5.556
EL096070,2070,1071P62022,3.047
EL096070,2200,1091G08PA4,86.550
EL096070,2300,1081G750V8,0.207
EL096070,2410,1101L70545,96.000
YM008121,2070,120100069A,1000.000
YM008121,2070,1071F76004,0.084
YM008121,2200,1091A07T41,11.790
YM008121,2300,1081G700L1,0.018
YM008121,2410,1231BAS00A,0.070
Y6008007,2070,120101085A,1000.000
Y6008007,2070,1071F76004,0.102
Y6008007,2200,1091A07T41,10.650
Y6008007,2300,1081G700L1,0.034
Y6008007,2410,1231BAS00A,0.070
D5016051,2052,1221C20008,4000.000
D5016051,2052,1221C20005,2000.000
D5016051,2070,121101809A,1000.000
D5016051,2430,1011TR588B,11.224
D5016051,2070,1071F76004,0.082
D5016051,2130,1071F76004,1.467
D5016051,2200,1091A07T41,214.964
D5016051,2300,1081G1250B,0.471
D5016051,2052,1101T70525,8.680
D5016051,2052,SUBMATSAW017,1000.000
D5016051,2070,SUBMATWAW097,1000.000
D5016051,2130,SUBMATWAW099,1000.000
D5016050,2052,1221C20008,4000.000
D5016050,2052,1221C20005,2000.000
D5016050,2070,121101809A,1000.000
D5016050,2430,1011TR588B,11.224
D5016050,2070,1071F76004,0.082
D5016050,2130,1071F76004,0.951
D5016050,2200,1091A07T41,214.964
D5016050,2300,1081G1250B,0.471
D5016050,2052,1101T70525,8.680
D5016050,2052,SUBMATSAW016,1000.000
D5016050,2070,SUBMATWAW097,1000.000
D5016050,2130,SUBMATWAW098,1000.000
MR064025,2070,1071P20251,0.710
MR064025,2200,1091A08T41,147.000
MR064025,2300,1081G1250B,0.367
MR064025,2410,1101L70560,64.000
MR064025,2430,1011TR035A,7.640
MR064025,2070,121100947A,1000.000
XJ024052,2410,1101L70540,24.000
XJ024052,2430,1011TR347A,2.292
XJ024052,2300,108112500B,0.144
XJ024052,2070,1071F76004,0.916
XJ024052,2130,1071F310JB,0.916
XJ024052,2200,1091A07T41,25.362
XJ024052,3200,1091A07T41,34.486
XJ024052,2070,SUBMATWAW076,1000.000
XJ024052,2130,SUBMATWAW077,1000.000
XJ024052,2070,121100193A,1000.000
XJ024054,2070,121100203A,1000.000
XJ024054,2430,1011TR347A,2.293
XJ024054,2070,1071F76004,0.682
XJ024054,2130,1071F310JB,0.682
XJ024054,2200,1091A07T41,14.084
XJ024054,3200,1091A07T41,17.758
XJ024054,2300,108112500B,0.111
XJ024054,2410,1101L70540,24.000
XJ024054,2070,SUBMATWAW082,1000.000
XJ024054,2130,SUBMATWAW083,1000.000
XJ024001,2300,108112500B,0.144
XJ024001,2410,1101L70540,24.000
XJ024001,2430,1011TR347A,2.292
XJ024001,2070,1071F76004,0.532
XJ024001,2130,1071F310JB,0.532
XJ024001,2070,SUBMATWAW019,1000.000
XJ024001,2130,SUBMATWAW020,1000.000
XJ024001,2200,1091A07T41,12.210
XJ024001,3200,1091A07T41,24.800
XJ024001,2070,121100135A,1000.000
D5016083,2052,1221C20008,4000.000
D5016083,2052,1221C20005,2000.000
D5016083,2070,121102024A,1000.000
D5016083,2430,1011TR588B,11.224
D5016083,2070,1071F76004,0.077
D5016083,2130,1071F76004,0.845
D5016083,2200,1091A07T41,211.178
D5016083,2300,1081G1250B,0.471
D5016083,2052,1101T70525,8.680
D5016083,2070,SUBMATWAW097,1000.000
D5016083,2130,SUBMATWAW148,1000.000
D5016083,2052,SUBMATSAW030,1000.000
MA024098,2070,121100194A,1000.000
MA024098,2430,1011TR347A,2.292
MA024098,2070,1071F76004,0.669
MA024098,2200,1091A07T41,24.430
MA024098,2300,108112500B,0.144
MA024098,2410,1101L70540,24.000
MA024139,2070,1071F76004,0.669
MA024139,2200,1091A07T41,22.000
MA024139,2300,108112500B,0.144
MA024139,2410,1101L70540,24.000
MA024139,2430,1011TR347A,2.292
MA024139,2070,121100193A,1000.000
TP048141,2070,120100482A,1000.000
TP048141,2430,1011TR070A,11.458
TP048141,2070,1071F76004,1.074
TP048141,2130,1071F76004,1.283
TP048141,3130,1071F76004,0.073
TP048141,2200,1091A08T41,274.252
TP048141,2300,108197HF02,0.717
TP048141,2410,1231BAS00A,0.070
TP048141,2070,SUBMATWAW094,1000.000
TP048141,2130,SUBMATWAW095,1000.000
TP048141,3130,SUBMATWAW086,1000.000
XY052005,2070,121100516B,1000.000
XY052005,2430,1011TR519A,2.245
XY052005,2070,1071F76004,0.633
XY052005,2130,1071F76004,0.054
XY052005,2200,1091A07T41,106.450
XY052005,2300,1081G1250C,0.083
XY052005,2410,1101L70530,52.000
XY052005,2070,SUBMATWAW036,1000.000
XY052005,2130,SUBMATWAW092,1000.000
Y6008097,2070,120101085A,1000.000
Y6008097,2070,1071F76004,0.088
Y6008097,2200,1091A07T41,11.300
Y6008097,2300,1081G700L1,0.034
Y6008097,2410,1231BAS00A,0.070
Y6008090,2070,120101085A,1000.000
Y6008090,2070,1071F76004,0.076
Y6008090,2200,1091A07T41,10.550
Y6008090,2300,1081G700L1,0.034
Y6008090,2410,1231BAS00A,0.070
KE162039,2070,121102173A,1000.000
KE162039,2070,1071F76004,0.402
KE162039,2130,1071F76004,0.255
KE162039,2200,1091G07PA4,314.958
KE162039,2300,1081125036,0.180
KE162039,2410,1101L70530,162.000
KE162039,2070,SUBMATWAW135,1000.000
KE162039,2130,SUBMATWAW136,1000.000
KE162039,2430,1011TR506A,4.545
CC084021,2070,1071P62001,2.548
CC084021,2200,1091A08C21,72.500
CC084021,2300,1081G750V7,0.220
CC084021,2410,1101L70545,84.000
CC084021,2430,1011TR052A,5.264
CC084021,2070,121101117A,1000.000
CC084025,2070,1071P62001,2.591
CC084025,2200,1091A08C21,63.926
CC084025,2300,1081G750V2,0.220
CC084025,2410,1101L70545,84.000
CC084025,2430,1011TR052A,5.264
CC084025,2070,121101077A,1000.000
MA048152,2070,121102012A,1000.000
MA048152,2430,1011TR011A,2.292
MA048152,2070,1071P20251,0.347
MA048152,2200,1091A07C21,64.436
MA048152,2300,1081G1250B,0.100
MA048152,2410,1101L70535,48.000
EA096004,2070,121101360C,1000.000
EA096004,2430,1011TR518A,8.089
EA096004,2070,1071P62022,9.726
EA096004,2200,1091A07C21,77.440
EA096004,2300,10819240H6,0.379
EA096004,2410,1101L70545,96.000
ML165052,2070,1071F700J2,0.821
ML165052,2200,1091A10C41,425.000
ML165052,2300,1081125002,0.630
ML165052,2410,1101L70545,165.000
ML165052,2430,1011TR112A,7.640
ML165052,2070,121101667A,1000.000
C9060004,2070,1071P62001,1.203
C9060004,2200,1091A08C21,45.545
C9060004,2300,1081G750V7,0.185
C9060004,2410,1101L70545,60.000
C9060004,2430,1011TR091A,4.545
C9060004,2070,121100693A,1000.000
ML165081,2070,1071F76004,1.469
ML165081,2200,1091A10C41,401.174
ML165081,2300,1081125002,0.630
ML165081,2410,1101L70545,165.000
ML165081,2430,1011TR112A,7.640
ML165081,2070,121101670A,1000.000
CC084046,2070,1071P62001,0.910
CC084046,2200,1091A07C21,55.230
CC084046,2300,1081G750V7,0.222
CC084046,2410,1101L70545,84.000
CC084046,2430,1011TR052A,5.264
CC084046,2070,121101118A,1000.000
CC084074,2070,1071P62022,1.184
CC084074,2200,1091A07C21,54.675
CC084074,2300,1081G750V7,0.222
CC084074,2410,1101L70545,84.000
CC084074,2430,1011TR052A,5.264
CC084074,2070,121101118A,1000.000
MA048141,2070,1071P20251,0.582
MA048141,2070,121100372A,1000.000
MA048141,2200,1091A10C41,90.307
MA048141,2300,1081125001,0.110
MA048141,2410,1101L70535,48.000
MA048141,2430,1011TR011A,2.292
AC048130,2070,1071P49001,1.022
AC048130,2200,1091A07C41,137.760
AC048130,2300,1081G770G1,0.182
AC048130,2070,120100338A,1000.000
AC048130,2430,1011TR140A,4.231
AC048128,2070,120100338A,1000.000
AC048128,2430,1011TR140A,4.231
AC048128,2070,1071P49001,1.022
AC048128,2200,1091A07C41,137.760
AC048128,2300,1081G770G1,0.182
IA000031,3720,1011CA232B,0.008
EL096097,2070,121102174A,1000.000
EL096097,2430,1011TR703A,5.556
EL096097,2070,1071P62022,1.748
EL096097,2200,1091A07T41,66.932
EL096097,2300,108117HFU8,0.207
EL096097,2410,1101L70545,96.000
TS054043,2410,1231BAS00A,0.070
TS054043,2070,120100726A,1000.000
TS054043,2430,1011TR119A,10.185
TS054043,2070,1071F76004,1.617
TS054043,2130,1071F76004,1.294
TS054043,3130,1071F76004,1.617
TS054043,2200,1091A08C41,75.000
TS054043,3200,1091A08C41,86.104
TS054043,2300,108192HF25,0.720
TS054043,2070,SUBMATWCS003,1000.000
TS054043,2130,SUBMATWCM499,1000.000
TS054043,3130,SUBMATWCS003,1000.000
3R022009,2070,121102228A,1000.000
3R022009,2070,1071F76004,1.453
3R022009,2200,1091A06C41,22.496
3R022009,2300,1081A381C1,0.200
EP078009,2070,121102274A,1000.000
EP078009,2430,1010TR739A,5.238
EP078009,2070,1071P62022,4.004
EP078009,2200,1091A06C21,72.508
EP078009,2300,1081G77105,0.172
EP078009,2410,1101L73245,78.000
C9078034,2070,1071P62001,2.132
C9078034,2200,1091A06C21,55.952
C9078034,2300,1081G77105,0.185
C9078034,2410,1101L73245,78.000
C9078034,2430,1010TR268A,4.583
C9078034,2070,121100988A,1000.000
TW048442,2070,120100503A,1000.000
TW048442,2430,1010TR251A,11.458
TW048442,2070,1071F76004,3.378
TW048442,2200,1091A08T41,26.920
TW048442,2300,10819240H4,0.717
TW048442,2410,1231BAS00A,0.070
TW048473,2070,120100383A,1000.000
TW048473,2430,1010TR251A,11.458
TW048473,2070,1071F76004,0.561
TW048473,2200,1091A07T41,63.870
TW048473,2300,108192HF07,0.717
TW048473,2410,1231BAS00A,0.070
C9078017,2070,1071P62001,1.900
C9078017,2200,1091A06T41,63.000
C9078017,2410,1101L70542,78.000
C9078017,2430,1010TR268A,4.583
C9078017,2300,1081G750V5,0.185
C9078017,2070,121100987A,1000.000
C9078036,2300,1081G771S1,0.185
C9078036,2410,1101L73245,78.000
C9078036,2430,1010TR268A,4.583
C9078036,2070,121100988A,1000.000
C9078036,2070,1071P62001,2.132
C9078036,2200,1091A06T21,59.752
EP078008,2070,121101948B,1000.000
EP078008,2430,1010TR739A,5.238
EP078008,2070,1071P62022,4.004
EP078008,2200,1091A06T21,72.508
EP078008,2300,1081G771S1,0.207
EP078008,2410,1101G30245,78.000
EC096014,2070,1071P62001,2.148
EC096014,2200,1091A06T21,65.320
EC096014,2410,1101L73245,96.000
EC096014,2070,121101324A,1000.000
EC096014,2430,1010TR744A,5.392
EC096014,2300,1081G771S1,0.222
EN078034,2070,121102208B,1000.000
EN078034,2430,1010TR709A,5.238
EN078034,2070,1071P62022,2.932
EN078034,2200,1091A06T21,71.082
EN078034,2300,1081G771S1,0.173
EN078034,2410,1101G70545,78.000
TW048239,2070,1071F700J2,0.731
TW048239,2200,1091A07T41,59.580
TW048239,2300,108192HF07,0.717
TW048239,2410,1231BAS00A,0.070
TW048239,2430,1010TR251A,11.458
TW048239,2070,120100378A,1000.000
NC090073,2070,1071F76005,0.806
NC090073,2200,1091A07T21,135.500
NC090073,2410,1101L70542,90.000
NC090073,2300,1081G77104,0.216
NC090073,2430,1010TR009A,4.583
NC090073,2070,121101261A,1000.000
YK010030,2070,120101107A,1000.000
YK010030,2070,1071P10764,0.052
YK010030,2200,1091A08T41,9.940
YK010030,2300,108192HF42,0.012
YK010030,2410,1231BAS00A,0.070
Y3012002,2410,1231BAS00A,0.070
Y3012002,2300,10819240H5,0.008
Y3012002,2070,120100153A,1000.000
Y3012002,2070,1241FAC26S,0.083
OK008001,2410,1231BAS00A,0.070
OK008001,2300,10819240H5,0.004
OK008001,2070,120100022A,1000.000
OK008001,2070,1241FAC26S,0.083
YU020009,2070,1071F76004,0.069
YU020009,2200,1091A08T41,16.520
YU020009,2300,108192HF36,0.016
YU020009,2410,1231BAS00A,0.070
YU020009,2070,120100185B,1000.000
XT153253,2070,121102307A,1000.000
XT153253,2430,1011TR439A,7.237
XT153253,2070,1071F350L1,0.133
XT153253,2130,1071F76004,1.137
XT153253,2200,1091A08C41,148.478
XT153253,2300,1081760LB7,0.322
XT153253,2410,1101L75830,153.000
XT153253,2070,SUBMATWNV450,1000.000
XT153253,2130,SUBMATWNV451,1000.000
X2132358,2070,121102155A,1000.000
X2132358,2430,1011TR726A,9.821
X2132358,2070,1071F76004,4.032
X2132358,2200,1091A06C41,158.972
X2132358,2300,1081760LB7,0.510
X2132358,2410,1101L70542,132.000
X2132358,2070,SUBMATWNV472,4000.000
X2132359,2070,121102155A,1000.000
X2132359,2430,1011TR726A,9.821
X2132359,2070,1071F76004,2.016
X2132359,2200,1091A06C41,95.738
X2132359,2300,1081760LB7,0.510
X2132359,2410,1101L70542,132.000
X2132359,2070,SUBMATWNV473,2000.000
TR048101,2070,120101053A,1000.000
TR048101,2430,2111TR070A,11.458
TR048101,2070,1071F76004,1.645
TR048101,2200,1091A07C21,83.442
TR048101,2300,1081G631H2,0.717
TR048101,2410,1231BAS00A,0.070
EI096026,2070,121101963A,1000.000
EI096026,2070,1071P62022,2.948
EI096026,2200,1091A07T21,79.850
EI096026,2300,108117HFU8,0.222
EI096026,2410,1101L70545,96.000
EI096026,2430,1011TR733A,5.263
YM008191,2070,120101149A,1000.000
YM008191,2430,1011TR809A,1.571
YM008191,2070,1071F76001,0.085
YM008191,2200,1091A08T41,11.974
YM008191,2300,108192HF42,0.018
YM008191,2410,1231BAS00A,0.070
YF036002,2070,120101127B,1000.000
YF036002,2430,1011TR137A,2.245
YF036002,2070,1241FAC26S,0.083
YF036002,2300,10819240HG,0.071
YF036002,2410,1231BAS00A,0.070
X2132464,2070,121102074A,1000.000
X2132464,2430,1011TR726A,9.821
X2132464,2070,1071F76004,2.070
X2132464,2200,1091A07C41,97.684
X2132464,2300,1081760LB7,0.510
X2132464,2410,1101L70542,132.000
X2132464,2070,SUBMATWTM004,2000.000
RK064002,2070,121100935A,1000.000
RK064002,2430,1011TR048A,4.232
RK064002,2070,1071F76004,0.446
RK064002,2200,1091A07C21,58.222
RK064002,2300,1081G1250B,0.172
RK064002,2410,1101L70560,64.000
XJ024091,2070,121101766A,1000.000
XJ024091,2430,1011TR076A,2.292
XJ024091,2070,1071F310JB,0.445
XJ024091,2130,1071F310JB,0.445
XJ024091,2200,1091A07T41,28.480
XJ024091,3200,1091A07T41,34.740
XJ024091,2300,1081G1250B,0.098
XJ024091,2410,1101L70540,24.000
XJ024091,2070,SUBMATWVG030,1000.000
XJ024091,2130,SUBMATWVG030,1000.000
YQ008155,2070,120100128A,1000.000
YQ008155,2430,1011TR347A,2.292
YQ008155,2070,1071F76004,0.219
YQ008155,2200,1091A09C41,31.790
YQ008155,2300,108192HF42,0.130
YQ008155,2410,1231BAS00A,0.070
YM008194,2070,120101105A,1000.000
YM008194,2070,1071F76005,0.044
YM008194,2200,1091A07C21,9.392
YM008194,2300,108192HF42,0.033
YM008194,2410,1231BAS00A,0.070
XT153244,2052,1221C20016,2000.000
XT153244,2070,121101634A,1000.000
XT153244,2430,1011TR439A,7.237
XT153244,2070,1071F76004,0.138
XT153244,2130,1071F76004,1.443
XT153244,2200,1091A07C21,162.440
XT153244,2300,1081G771F1,0.201
XT153244,2052,1101T70525,8.680
XT153244,2410,1101L70530,153.000
XT153244,2070,SUBMATWVG005,1000.000
XT153244,2130,SUBMATWVG003,1000.000
XT153244,2052,SUBMATSVG023,1000.000
MA024230,2070,121102143A,1000.000
MA024230,2430,1011TR076A,2.292
MA024230,2070,1071F76004,0.482
MA024230,2200,1091A07C41,20.972
MA024230,2300,1081G1250B,0.099
MA024230,2410,1101L70540,24.000
IA000038,2021,1071F28502,0.059
IA000038,3720,1011CA255A,0.016
YM008107,2070,120100067A,1000.000
YM008107,2070,1071F76004,0.035
YM008107,2200,1091A07T21,9.500
YM008107,2300,1081G700L1,0.018
YM008107,2410,1231BAS00A,0.070
EL096026,2070,121101307B,1000.000
EL096026,2430,1011TR620A,5.682
EL096026,2200,1091A07T21,71.500
EL096026,2300,10819240HB,0.220
EL096026,2410,1101G70545,96.000
EL096026,2070,1071P62022,2.704
NW063086,2070,121102079A,1000.000
NW063086,2430,1011TR614A,5.357
NW063086,2070,1071F76005,1.442
NW063086,2200,1091A07T21,29.382
NW063086,2300,1081G1250B,0.204
NW063086,2410,1101L70545,63.000
CC084199,2070,121101119A,1000.000
CC084199,2430,1011TR707A,5.263
CC084199,2070,1071P62022,1.098
CC084199,2200,1091G08PA1,63.300
CC084199,2300,1081G750V7,0.222
CC084199,2410,1101L70545,84.000
FG008013,2070,120101094A,1000.000
FG008013,2430,1011TU092A,12.222
FG008013,2070,1071F76001,0.068
FG008013,2200,1091G08PA4,20.660
FG008013,2300,1081631LV1,0.137
FG008013,2410,1231BAS00A,0.070
DR008075,2070,121000007A,1000.000
DR008075,2430,1011TR042A,2.292
DR008075,2070,1071F76005,0.561
DR008075,2200,1091G08PA4,16.376
DR008075,2300,1081760LB7,0.106
TP048082,2070,1071F76004,1.194
TP048082,2200,1091A08T41,78.500
TP048082,2410,1231BAS00A,0.070
TP048082,2430,1011TR070A,11.458
TP048082,2300,108197HF02,0.717
TP048082,2070,120100398A,1000.000
TP048310,2070,120101155A,1000.000
TP048310,2430,1011TR070A,11.458
TP048310,2070,1071F76004,0.352
TP048310,2200,1091A07T41,44.196
TP048310,2300,108197HF02,0.717
TP048310,2410,1231BAS00A,0.070
CT084006,2070,1071P62001,8.428
CT084006,2200,1091A08C21,108.150
CT084006,2300,1081G750V8,0.296
CT084006,2410,1101L70545,84.000
CT084006,2430,1011TR057B,6.791
CT084006,2070,121101151A,1000.000
IA000002,2021,1071F28502,0.059
OF016001,2410,1231BAS00A,0.070
OF016001,2300,108192HF36,0.012
OF016001,2070,120100169A,1000.000
OF016001,2070,1241FAC26S,0.083
UE240001,2070,121102350A,1000.000
UE240001,2430,1011TR823A,7.190
UE240001,2070,1241F6317A,0.200
UE240001,2300,1081G311Q1,0.240
UE240001,2410,1101G73330,240.000
YD008095,2430,1011TR138A,1.930
YD008095,2070,1071F76004,0.219
YD008095,2200,1091A08C41,21.900
YD008095,2300,108192HF4A,0.080
YD008095,2410,1231BAS00A,0.070
YD008095,2070,120100091A,1000.000
TH056174,2070,120100768A,1000.000
TH056174,2430,1011TR023A,11.458
TH056174,2070,1071F76004,1.598
TH056174,2200,1091A07C41,147.466
TH056174,2300,1081G631C2,0.788
TH056174,2410,1231BAS00A,0.070
XT345E09,2052,1221C20016,7000.000
XT345E09,2052,1221I20010,1000.000
XT345E09,2052,1221R20006,1000.000
XT345E09,2052,1221R20005,1000.000
XT345E09,2052,1221R20072,1000.000
XT345E09,2052,1221BA0007,1000.000
XT345E09,2052,1221BF0001,1000.000
XT345E09,2070,121102197A,1000.000
XT345E09,2430,1011TR439A,7.237
XT345E09,2070,1071F76004,0.979
XT345E09,2130,1071F76004,0.153
XT345E09,3130,1071F76004,0.317
XT345E09,3330,1071F310JB,1.412
XT345E09,2200,1091A07C41,250.996
XT345E09,3200,1091A07C41,68.156
XT345E09,2300,1081GE100C,0.280
XT345E09,2052,1101T70525,8.680
XT345E09,2410,1101L70528,345.000
XT345E09,2070,SUBMATWCMD51ENG,1000.000
XT345E09,2130,SUBMATWCMD50ENG,1000.000
XT345E09,3130,SUBMATWCME163ENG,1000.000
XT345E09,3330,SUBMATWCME440ENG,1000.000
XT345E09,2052,SUBMATSCM119ENG,1000.000
UN084003,2070,121102364A,1000.000
UN084003,2430,1011TR097A,5.383
UN084003,2070,1241F6317A,0.210
UN084003,2300,1081GE100D,0.220
UN084003,2410,1101G70545,84.000
X2252E07,2070,121102006B,1000.000
X2252E07,2430,1011TR726A,9.821
X2252E07,2070,1071F90020,3.462
X2252E07,2130,1071F90010,3.462
X2252E07,3130,1071F90010,6.924
X2252E07,2200,1091A07C41,198.430
X2252E07,3200,1091A07C41,212.580
X2252E07,2300,10819740Z3,0.210
X2252E07,2410,1101L73245,252.000
X2252E07,2070,SUBMATWCME447ENG,2000.000
X2252E07,2130,SUBMATWCM599ENG,2000.000
X2252E07,3130,SUBMATWCM599ENG,4000.000
IA000E10,3720,1011CA347A,0.004
IA000E10,2021,1071F28502,0.059
MA024293,2070,121102413A,1000.000
MA024293,2430,1011TR076A,2.344
MA024293,2070,1071F76004,0.244
MA024293,2200,1091A07T21,12.978
MA024293,2300,1081760LB7,0.099
MA024293,2410,1101L70540,24.000
NN178004,2070,121102373B,1000.000
NN178004,2430,1011TR820A,6.548
NN178004,2070,1071F76004,1.149
NN178004,2200,1091G08PA4,234.890
NN178004,2300,1081760LB7,0.255
NN178004,2410,1101G30530,178.000
EL096113,2070,121102383A,1000.000
EL096113,2430,1010TR710A,6.471
EL096113,2070,1071P62022,2.932
EL096113,2200,1091A06T21,75.828
EL096113,2300,1081G77161,0.200
EL096113,2410,1101G70545,96.000
XT345E13,2052,1221C20016,7000.000
XT345E13,2052,1221I20010,1000.000
XT345E13,2052,1221R20006,1000.000
XT345E13,2052,1221R20005,1000.000
XT345E13,2052,1221R20072,1000.000
XT345E13,2052,1221BA0006,1000.000
XT345E13,2052,1221BF0001,1000.000
XT345E13,2070,121102197A,1000.000
XT345E13,2430,1011TR755A,7.237
XT345E13,2070,1071F76004,0.944
XT345E13,2130,1071F76004,0.151
XT345E13,3130,1071F76004,0.317
XT345E13,3330,1071F310JB,1.412
XT345E13,4130,1071F76001,4.236
XT345E13,4330,1071F76001,1.412
XT345E13,4530,1071F76001,4.236
XT345E13,2200,1091A07C41,250.996
XT345E13,3200,1091A07C41,162.304
XT345E13,3400,1091A07C41,154.120
XT345E13,2300,1081GE100C,0.329
XT345E13,2052,1101T70525,8.680
XT345E13,2410,1101G77028,345.000
XT345E13,2070,SUBMATWCMD51ENG,1000.000
XT345E13,2130,SUBMATWCMD50ENG,1000.000
XT345E13,3130,SUBMATWCME163ENG,1000.000
XT345E13,3330,SUBMATWCME460ENG,1000.000
XT345E13,4130,SUBMATWCME461ENG,3000.000
XT345E13,4330,SUBMATWCME462ENG,1000.000
XT345E13,4530,SUBMATWCME461ENG,3000.000
XT345E13,2052,SUBMATSCM130ENG,1000.000
YM008193,2070,120101153A,1000.000
YM008193,2070,1071F76004,0.045
YM008193,2200,1091A07T41,12.320
YM008193,2300,1081G700L1,0.018
YM008193,2410,1231BAS00A,0.070
EN078025,2070,121102208A,1000.000
EN078025,2430,1010TR709A,5.238
EN078025,2070,1071P62022,2.932
EN078025,2200,1091A06T21,71.082
EN078025,2300,1081G771S1,0.173
EN078025,2410,1101G70545,78.000
CA060011,2070,1071P62001,0.934
CA060011,2200,1091A07T41,43.760
CA060011,2300,108117HF05,0.220
CA060011,2410,1101L70545,60.000
CA060011,2430,1011TR093A,4.583
CA060011,2070,121100738B,1000.000
D5016044,2052,1221C20008,6000.000
D5016044,2052,1101T70525,8.680
D5016044,5030,121100049B,1000.000
D5016044,2052,SUBMATSAW007{SMT-N},1000.000
IA000041,3720,1011CA243A,0.016
XT345075,2052,1221C20016,7000.000
XT345075,2052,1221I20010,1000.000
XT345075,2052,1221R20006,2000.000
XT345075,2052,1221R20005,1000.000
XT345075,2052,1221BA0006,1000.000
XT345075,2052,1221S50002,1000.000
XT345075,2070,121102197A,1000.000
XT345075,2430,1011TR755A,7.237
XT345075,2070,1071F76004,0.944
XT345075,2130,1071F76004,0.151
XT345075,3130,1071F76004,0.317
XT345075,3330,1071F310JB,1.645
XT345075,4130,1071F76001,4.935
XT345075,4330,1071F76001,1.645
XT345075,4530,1071F76001,4.935
XT345075,2200,1091A07C41,250.996
XT345075,3200,1091A07C41,138.704
XT345075,3400,1091A07C41,133.940
XT345075,2300,1081GE100C,0.324
XT345075,2052,1101T70525,8.680
XT345075,2410,1101L70528,345.000
XT345075,2052,SUBMATSNV332,1000.000
XT345075,2070,SUBMATWNV070,1000.000
XT345075,2130,SUBMATWNV069,1000.000
XT345075,3130,SUBMATWNV157,1000.000
XT345075,3330,SUBMATWNV310,1000.000
XT345075,4130,SUBMATWNV311,3000.000
XT345075,4330,SUBMATWNV312,1000.000
XT345075,4530,SUBMATWNV311,3000.000
YK010631,2070,120101107A,0.000
YK010631,2070,1071P10764,0.000
YK010631,2200,1091A08T41,0.000
YK010631,2300,108192HF42,0.000
YK010631,2410,1011CA106A,0.014
IA000015,3720,1011CA201B,0.008
IA000017,3720,1011CA203B,0.016
OF016604,2300,108192HF36,0.000
OF016604,2070,120100169A,0.000
OF016604,3720,1011CA214A,0.014
OF016604,2070,1241FAC26S,0.000
XT345068,2052,1221C20016,15000.000
XT345068,2052,1221I20012,1000.000
XT345068,2052,1221I20011,1000.000
XT345068,2052,1221R20064,1000.000
XT345068,2052,1221R20005,1000.000
XT345068,2070,121102141A,1000.000
XT345068,2430,1011TR755A,7.237
XT345068,2070,1071F76004,0.824
XT345068,2130,1071F76004,0.438
XT345068,3130,1071F310JB,1.412
XT345068,3330,1071FHR900,4.236
XT345068,4130,1071F76001,1.412
XT345068,4330,1071FHR900,4.236
XT345068,4530,1071F76001,1.412
XT345068,4730,1071FHR900,4.236
XT345068,5130,1071F76001,1.412
XT345068,5330,1071FHR900,4.236
XT345068,2200,1091A07C41,241.782
XT345068,3200,1091A07C41,139.244
XT345068,3400,1091A07C41,137.844
XT345068,3600,1091A07C41,139.824
XT345068,4200,1091A07C41,140.866
XT345068,2300,1081GE100C,0.472
XT345068,2052,1101T70525,8.680
XT345068,2052,1221R20006,1000.000
XT345068,2052,SUBMATSNV318,1000.000
XT345068,2410,1101L75830,345.000
XT345068,2070,SUBMATWCM510,2000.000
XT345068,2130,SUBMATWNV261,1000.000
XT345068,3130,SUBMATWNV444,1000.000
XT345068,3330,SUBMATWNV446,3000.000
XT345068,4130,SUBMATWNV445,1000.000
XT345068,4330,SUBMATWNV446,3000.000
XT345068,4530,SUBMATWNV445,1000.000
XT345068,4730,SUBMATWNV446,3000.000
XT345068,5130,SUBMATWNV445,1000.000
XT345068,5330,SUBMATWNV446,3000.000
6A008190,2052,1221C20040,6000.000
6A008190,2070,121101916A,1000.000
6A008190,2434,1011TR727A,9.167
6A008190,2070,1071F350L1,0.040
6A008190,2130,1071F76001,1.008
6A008190,2200,1091A06C41,78.844
6A008190,2300,1081E770A1,0.297
6A008190,2052,1101T70525,8.680
6A008190,2070,SUBMATWNV419,1000.000
6A008190,2130,SUBMATWNV199,1000.000
6A008190,2052,SUBMATSNV295,1000.000
IA000016,3720,1011CA202B,0.016
X2132439,2130,1071F76004,0.676
X2132439,2200,1091A08C41,163.220
X2132439,2300,1081760LB7,0.510
X2132439,2410,1101L70542,132.000
X2132439,2070,SUBMATWNV549,2000.000
X2132439,2130,SUBMATMNV001,2000.000
X2132439,2070,121101922A,1000.000
X2132439,2430,1011TR726A,9.821
X2132439,2070,1071F76004,2.428
6A008257,2052,1221C20036,3000.000
6A008257,2052,1221C20037,5000.000
6A008257,2052,1221R20049,1000.000
6A008257,2070,121101900A,1000.000
6A008257,2434,1011TR753A,9.167
6A008257,2070,1071F350L1,0.043
6A008257,2130,1071F76004,1.488
6A008257,2200,1091A06C41,96.630
6A008257,2300,1081E770A1,0.297
6A008257,2052,1101T70525,8.680
6A008257,2070,SUBMATWNV182,1000.000
6A008257,2130,SUBMATWNV552,1000.000
6A008257,2052,SUBMATSNV414,1000.000
X2252015,2070,121102006B,1000.000
X2252015,2430,1011TR726A,9.821
X2252015,2070,1071F90020,3.290
X2252015,2130,1071F90010,3.290
X2252015,3130,1071F90010,6.580
X2252015,2200,1091A07C41,198.430
X2252015,3200,1091A07C41,212.580
X2252015,2300,10819740Z3,0.330
X2252015,2410,1101L73245,252.000
X2252015,2070,SUBMATWEU041,2000.000
X2252015,2130,SUBMATWEU042,2000.000
X2252015,3130,SUBMATWEU042,4000.000
N7200030,2070,121102007A,1000.000
N7200030,2430,1011TR734A,8.088
N7200030,2070,1071F76004,0.750
N7200030,2130,1071F76004,0.673
N7200030,2200,1091A07C21,78.788
N7200030,2300,10819740Z2,0.216
N7200030,2410,1101L70533,200.000
N7200030,2070,SUBMATWBU045,1000.000
N7200030,2130,SUBMATW152,1000.000
6A008266,2052,1221C20036,4000.000
6A008266,2052,1221C20037,1000.000
6A008266,2052,1221C20040,1000.000
6A008266,2052,1221R20049,1000.000
6A008266,2070,121102010A,1000.000
6A008266,2434,1011TR727A,9.167
6A008266,2070,1071F350L1,0.047
6A008266,2130,1071F76004,1.079
6A008266,2200,1091A07C41,100.820
6A008266,2300,1081E770A1,0.296
6A008266,2052,1101T70525,8.680
6A008266,2070,SUBMATWNV182,1000.000
6A008266,2130,SUBMATWNV557,1000.000
6A008266,2052,SUBMATSNV422,1000.000
2J044037,2052,1221C20007,6000.000
2J044037,2052,1221D20001,1000.000
2J044037,2070,121102226A,1000.000
2J044037,2070,1071F76004,0.177
2J044037,2130,1071F310V5,1.378
2J044037,2200,1091A06C41,49.728
2J044037,3200,1091A06C41,33.878
2J044037,2300,1081A381C1,0.194
2J044037,2052,1101T70525,8.680
2J044037,2052,SUBMATSHQ294,1000.000
2J044037,2070,SUBMATWHQ147,1000.000
2J044037,2130,SUBMATWHQ183,1000.000
NB054046,2070,121102301A,1000.000
NB054046,2430,1011TR043A,3.527
NB054046,2070,1071F76004,0.171
NB054046,2200,1091A07T21,63.794
NB054046,2300,1081G1250B,0.137
NB054046,2410,1101L70545,54.000
MA024046,2070,1071P20251,0.415
MA024046,2200,1091A07T41,17.800
MA024046,2300,1081125005,0.144
MA024046,2410,1101L70540,24.000
MA024046,2430,1011TR347A,2.292
MA024046,2070,121100135A,1000.000
MA024034,2070,1071P20251,1.125
MA024034,2200,1091A07T41,10.198
MA024034,2300,1081125005,0.144
MA024034,2410,1101L70540,24.000
MA024034,2430,1011TR347A,2.292
MA024034,2070,121100136A,1000.000
RM168007,2070,121102000A,1000.000
RM168007,2430,1011TR443A,9.244
RM168007,2070,1071F76004,541.000
RM168007,2200,1091A09C21,306.954
RM168007,2300,10819740Z2,0.231
RM168007,2410,1101L70550,168.000
XI168002,2070,121102177A,1000.000
XI168002,2430,1011TR799A,6.548
XI168002,2070,1071F76005,0.630
XI168002,2130,1071F310JB,0.630
XI168002,2200,1091A07C21,106.866
XI168002,3200,1091A07C21,124.758
XI168002,2300,1081G1250B,0.340
XI168002,2410,1101L70533,168.000
XI168002,2070,SUBMATWBU065,1000.000
XI168002,2130,SUBMATWBU055,1000.000
EF096020,2070,121101346A,1000.000
EF096020,2430,1011TR333B,5.789
EF096020,2070,1071P62022,5.025
EF096020,2200,1091A07T21,80.280
EF096020,2300,10819240HF,0.241
EF096020,2410,1101G70545,96.000
NY132101,2070,121102127A,1000.000
NY132101,2430,1010TR316A,9.821
NY132101,2200,1091A06C21,52.488
NY132101,2300,1081760LB5,0.510
NY132101,2410,1101L73245,132.000
6A008251,2052,1221C20040,7000.000
6A008251,2070,121101916A,1000.000
6A008251,2434,1011TR753A,9.167
6A008251,2070,1071F350L1,0.040
6A008251,2130,1071F76004,1.048
6A008251,2200,1091A06C41,78.844
6A008251,2300,1081E770A1,0.297
6A008251,2052,1101T70525,8.680
6A008251,2070,SUBMATWNV448,1000.000
6A008251,2130,SUBMATWNV540,1000.000
6A008251,2052,SUBMATSNV407,1000.000
XT153130,2052,1221C20036,2000.000
XT153130,2070,121101938A,1000.000
XT153130,2430,1011TR439A,7.237
XT153130,2070,1071F350L1,0.067
XT153130,2130,1071F76004,0.951
XT153130,2200,1091A07C41,151.646
XT153130,2300,10819740Z2,0.234
XT153130,2052,1101T70525,8.680
XT153130,2410,1101L75830,153.000
XT153130,2052,SUBMATSNV187,1000.000
XT153130,2070,SUBMATWNV192,1000.000
XT153130,2130,SUBMATWNV216,1000.000
XT153129,2052,1221C20036,2000.000
XT153129,2070,121101938A,1000.000
XT153129,2430,1011TR439A,7.237
XT153129,2070,1071F350L1,0.067
XT153129,2130,1071F76004,5.868
XT153129,2200,1091A07C41,121.440
XT153129,3200,1091A07C41,110.382
XT153129,2300,10819740Z2,0.243
XT153129,2052,1101T70525,8.680
XT153129,2410,1101L75830,153.000
XT153129,2052,SUBMATSNV186,1000.000
XT153129,2070,SUBMATWNV192,1000.000
XT153129,2130,SUBMATWNV219,4000.000
MV090075,2070,121102244A,1000.000
MV090075,2430,1011TR435A,4.583
MV090075,2070,1071F350L1,0.022
MV090075,2200,1091A06T21,21.358
MV090075,2300,1081760LB5,0.225
MV090075,2410,1101L70545,90.000
XV048002,2070,121100497A,1000.000
XV048002,2430,1011TR084A,3.161
XV048002,2070,1071F76004,0.252
XV048002,2130,1071P550E1,0.172
XV048002,2200,1091A07C41,65.492
XV048002,2300,1081125007,0.176
XV048002,2410,1101L70535,48.000
XV048002,2070,SUBMATWVE045,1000.000
XV048002,2130,SUBMATWVE017,1000.000
NW063034,2070,121100885A,1000.000
NW063034,2430,1011TR379A,5.001
NW063034,2070,1071P20251,0.978
NW063034,2200,1091A07C21,20.572
NW063034,2300,108112500B,0.240
NW063034,2410,1101L70542,63.000
MR064027,2070,1071P20251,2.300
MR064027,2200,1091A07T41,71.962
MR064027,2300,1081G1250B,0.367
MR064027,2410,1101L70560,64.000
MR064027,2430,1011TR035A,7.640
MR064027,2070,121100949A,1000.000
TG048204,2070,1071P49001,5.764
TG048204,2070,120100412A,1000.000
TG048204,2200,1091A10C41,171.938
TG048204,2300,108192HF05,0.775
TG048204,2410,1231BAS00A,0.070
TG048204,2430,1011TR070A,11.460
TR048099,2070,120101053A,1000.000
TR048099,2430,2111TR070A,11.458
TR048099,2070,1071F76004,1.645
TR048099,2200,1091A07C21,83.442
TR048099,2300,1081G631H2,0.717
TR048099,2410,1231BAS00A,0.070
TR048106,2070,120101053A,1000.000
TR048106,2430,2111TR070A,11.458
TR048106,2070,1071F76004,1.645
TR048106,2200,1091A07C21,83.442
TR048106,2300,1081G631H2,0.717
TR048106,2410,1231BAS00A,0.070
KZ063001,2070,121102384A,1000.000
KZ063001,2430,1011TR789A,6.471
KZ063001,2070,1071F76004,4.140
KZ063001,2200,1091A06C41,141.944
KZ063001,2300,1081760LB7,0.237
KZ063001,2410,1101L70542,63.000
KZ063001,2070,SUBMATWTM003,4000.000
MA024208,2070,121100174A,1000.000
MA024208,2430,1011TR076A,2.292
MA024208,2070,1071F76004,0.229
MA024208,2200,1091A07C41,11.174
MA024208,2300,1081G1250B,0.098
MA024208,2410,1101L70540,24.000
MA024224,2070,121100174A,1000.000
MA024224,2430,1011TR076A,2.292
MA024224,2070,1071F76004,0.141
MA024224,2200,1091A07C41,11.534
MA024224,2300,1081760LB7,0.510
MA024224,2410,1101L70540,24.000
IA000131,2021,1071FC86R3,0.202
IA000131,3720,1011CA342A,0.016
YQ008107,2070,120100130A,1000.000
YQ008107,2430,1011TR042A,2.292
YQ008107,2070,1071F76004,0.407
YQ008107,2200,1091G08PA4,33.820
YQ008107,2300,108192HF42,0.129
YQ008107,2410,1231BAS00A,0.070
TP048076,2070,1071F76004,0.597
TP048076,2200,1091A08T41,61.040
TP048076,2410,1231BAS00A,0.070
TP048076,2430,1011TR070A,11.458
TP048076,2300,108197HF02,0.717
TP048076,2070,120100398A,1000.000
TP048192,2070,120101155A,1000.000
TP048192,2430,1011TR070A,11.458
TP048192,2070,1071F76004,0.352
TP048192,2200,1091A07T41,44.196
TP048192,2300,108197HF02,0.717
TP048192,2410,1231BAS00A,0.070
MF054006,2070,1071P20251,0.292
MF054006,2200,1091A07T41,108.550
MF054006,2300,1081125005,0.154
MF054006,2410,1101L70542,54.000
MF054006,2430,1011TR045A,3.161
MF054006,2070,121100531A,1000.000
YQ008E86,2070,120101162B,1000.000
YQ008E86,2430,1011TR011A,2.344
YQ008E86,2070,1071F76004,0.710
YQ008E86,2130,1071F310JB,0.710
YQ008E86,2200,1091A07T21,16.048
YQ008E86,3200,1091A07T21,17.018
YQ008E86,2300,108192HF4B,0.117
YQ008E86,2410,1231BAS00A,0.070
YQ008E86,2070,SUBMATWCME574ENG,1000.000
YQ008E86,2130,SUBMATWCME575ENG,1000.000
IA000172,2021,1071F28502,0.059
IA000172,3720,1011CA384A,0.080
TG048E04,2070,120101135A,1000.000
TG048E04,2430,1011TR700A,11.458
TG048E04,2070,1071F76004,0.407
TG048E04,2200,1091G08PA4,57.226
TG048E04,2300,1081G631C2,0.787
TG048E04,2410,1231BAS00A,0.070
Y2088004,2070,120101142A,1000.000
Y2088004,2430,1011TR172A,6.548
Y2088004,2070,1071P49001,2.473
Y2088004,2130,1071F76001,0.096
Y2088004,2200,1091C08TP2,426.832
Y2088004,2300,108192HF4B,0.248
Y2088004,2410,1231BAS00A,0.070
Y2088004,2070,SUBMATWMF003,1000.000
Y2088004,2130,SUBMATWMF002,1000.000
X2132465,2070,121102076A,1000.000
X2132465,2430,1011TR726A,9.821
X2132465,2070,1071F90020,2.323
X2132465,2130,1071F90010,6.971
X2132465,3130,1071F90010,9.295
X2132465,2200,1091A07C41,146.950
X2132465,3200,1091A07C41,147.140
X2132465,2300,1081G771F1,0.463
X2132465,2410,1101L70542,132.000
X2132465,2070,SUBMATWCME466ENG,1000.000
X2132465,2130,SUBMATWCME467ENG,3000.000
X2132465,3130,SUBMATWCME467ENG,4000.000
N7200042,2070,121102007A,1000.000
N7200042,2430,1011TR734A,8.088
N7200042,2070,1071F76004,1.501
N7200042,2200,1091A07C21,124.914
N7200042,2300,10819740Z3,0.198
N7200042,2410,1101L70533,200.000
YQ008254,2070,120101129A,1000.000
YQ008254,2430,1011TR347A,2.292
YQ008254,2070,1071F76004,0.352
YQ008254,2200,1091A08T41,39.802
YQ008254,2300,108192HF4B,0.117
YQ008254,2410,1231BAS00A,0.070
IA000039,3720,1011CA244A,0.008
IA000018,3720,1011CA207B,0.008
IA000121,3720,1011CA326A,0.008
6B008041,2052,1221C20040,7000.000
6B008041,2052,1221R20072,2000.000
6B008041,2070,121102367A,1000.000
6B008041,2434,1011TR746A,9.167
6B008041,2070,1071F350L1,0.092
6B008041,2130,1071F76020,1.488
6B008041,3130,1071F76010,4.464
6B008041,3330,1071F76020,1.488
6B008041,4130,1071F76010,4.464
6B008041,2200,1091A06C41,188.438
6B008041,3200,1091A06C41,129.934
6B008041,2300,1081G771F1,0.260
6B008041,2052,1101T70525,8.680
6B008041,2070,SUBMATWEU050,1000.000
6B008041,2130,SUBMATWEU051,1000.000
6B008041,3130,SUBMATWEU052,3000.000
6B008041,3330,SUBMATWEU051,1000.000
6B008041,4130,SUBMATWEU052,3000.000
6B008041,2052,SUBMATSEU023,1000.000
OF016606,3720,1011CA214A,0.014
OF016606,2070,120100169A,0.000
OF016606,2300,108192HF36,0.000
OF016606,2070,1241FAC26S,0.000
X2132456,2070,121102061A,1000.000
X2132456,2430,1011TR726A,9.821
X2132456,2070,1071F90020,1.214
X2132456,2130,1071F90010,3.642
X2132456,3130,1071F90010,4.856
X2132456,2200,1091A07C41,226.364
X2132456,3200,1091A07C41,226.314
X2132456,2300,1081G771F1,0.454
X2132456,2410,1101L70542,132.000
X2132456,2070,SUBMATWNV554,1000.000
X2132456,2130,SUBMATWNV555,3000.000
X2132456,3130,SUBMATWNV555,4000.000
UN084002,2070,121102363A,1000.000
UN084002,2430,1011TR097A,5.383
UN084002,2070,1241F6317A,0.210
UN084002,2300,1081GE100D,0.220
UN084002,2410,1101G70545,84.000
YK010630,2070,120101107A,0.000
YK010630,2070,1071P10764,0.000
YK010630,2200,1091A08T41,0.000
YK010630,2300,108192HF42,0.000
YK010630,3720,1011CA106A,0.014
6A008263,2052,1221C20040,6000.000
6A008263,2070,121101889A,1000.000
6A008263,2434,1011TR727A,9.167
6A008263,2070,1071F76004,1.488
6A008263,2130,1071F350L1,0.059
6A008263,2200,1091G07PA4,101.300
6A008263,2300,1081E770A1,0.297
6A008263,2052,1101T70525,8.680
6A008263,2070,SUBMATWZA026,1000.000
6A008263,2130,SUBMATWZA012,1000.000
6A008263,2052,SUBMATSZA044,1000.000
X2132462,2070,121102155A,1000.000
X2132462,2430,1011TR726A,9.821
X2132462,2070,1071F76004,2.042
X2132462,2200,1091A08C41,113.774
X2132462,2300,1081G771F1,0.550
X2132462,2410,1101L70542,132.000
X2132462,2070,SUBMATWNV556,1000.000
IA000136,2021,1071FC86R3,0.272
IA000136,3720,1011CA316A,0.016
IA000106,2021,1071FC86R3,0.139
IA000106,3720,1011CA321A,0.016
6A008172,2052,1221C20040,6000.000
6A008172,2070,121101916A,1000.000
6A008172,2434,1011TR727A,9.167
6A008172,2070,1071F76004,0.000
6A008172,2130,1071F350L1,0.059
6A008172,2200,1091G07PA4,82.656
6A008172,2300,1081E770A1,0.297
6A008172,2052,1101T70525,8.680
6A008172,2052,SUBMATSZA020,1000.000
6A008172,2070,SUBMATWZA025,1000.000
6A008172,2130,SUBMATWZA012,1000.000
MA024290,2200,1091A07T21,20.884
MA024290,2300,1081G1250B,0.099
MA024290,2410,1101L70540,24.000
MA024290,2070,121102411A,1000.000
MA024290,2430,1011TR076A,2.344
MA024290,2070,1071F76004,0.056
N7200037,2070,121102007A,1000.000
N7200037,2430,1011TR734A,8.088
N7200037,2070,1071F76004,1.501
N7200037,2200,1091A07C21,155.898
N7200037,2300,10819740Z3,0.137
N7200037,2410,1101L70533,200.000
IA000112,3720,1011CA312A,0.008
6B008033,2052,1221C20040,8000.000
6B008033,2070,121101943A,1000.000
6B008033,2434,1011TR746A,9.167
6B008033,2070,1071F350L1,0.355
6B008033,2130,1071F90020,1.443
6B008033,3130,1071FHR900,4.329
6B008033,3330,1071F90020,1.443
6B008033,4130,1071FHR900,4.329
6B008033,2200,1091A07C41,201.586
6B008033,3200,1091A07C41,104.190
6B008033,2300,1081G771F1,0.260
6B008033,2052,1101T70525,8.680
6B008033,2052,SUBMATSEU017,1000.000
6B008033,2070,SUBMATWEU019,1000.000
6B008033,2130,SUBMATWEU034,1000.000
6B008033,3130,SUBMATWEU033,3000.000
6B008033,3330,SUBMATWEU034,1000.000
6B008033,4130,SUBMATWEU033,3000.000
5L041029,2070,121102227A,1000.000
5L041029,2070,1071F76004,2.306
5L041029,2200,1091A06C41,0.000
5L041029,2300,1081A381C1,0.186
6A008252,2070,1071F350L1,0.040
6A008252,2130,1071F76004,1.048
6A008252,2200,1091A06C41,78.844
6A008252,2300,1081E770A1,0.297
6A008252,2052,1101T70525,8.680
6A008252,2070,SUBMATWNV448,1000.000
6A008252,2052,1221C20040,7000.000
6A008252,2070,121101916A,1000.000
6A008252,2434,1011TR753A,9.167
6A008252,2130,SUBMATWNV541,1000.000
6A008252,2052,SUBMATSNV408,1000.000
XT153128,2052,1221C20036,2000.000
XT153128,2070,121101938A,1000.000
XT153128,2430,1011TR439A,7.237
XT153128,2070,1071F350L1,0.067
XT153128,2130,1071F76004,1.467
XT153128,2200,1091A07C41,151.646
XT153128,2300,10819740Z2,0.243
XT153128,2052,1101T70525,8.680
XT153128,2410,1101L75830,153.000
XT153128,2052,SUBMATSNV185,1000.000
XT153128,2070,SUBMATWNV192,1000.000
XT153128,2130,SUBMATWNV217,1000.000
XT345093,2052,1221C20016,7000.000
XT345093,2052,1221I20010,1000.000
XT345093,2052,1221R20006,1000.000
XT345093,2052,1221R20005,1000.000
XT345093,2052,1221R20072,1000.000
XT345093,2052,1221BA0006,1000.000
XT345093,2052,1221BF0001,1000.000
XT345093,2070,121102197A,1000.000
XT345093,2430,1011TR439A,7.237
XT345093,2070,1071F76004,0.959
XT345093,2130,1071F76004,0.153
XT345093,3130,1071F76004,0.317
XT345093,3330,1071F310JB,1.488
XT345093,4130,1071F76001,1.488
XT345093,2200,1091A07C41,250.996
XT345093,3200,1091A07C41,141.266
XT345093,2300,1081GE100C,0.274
XT345093,2052,1101T70525,8.680
XT345093,2410,1101G77028,345.000
XT345093,2070,SUBMATWNV070,1000.000
XT345093,2130,SUBMATWNV069,1000.000
XT345093,3130,SUBMATWNV157,1000.000
XT345093,3330,SUBMATWNV508,1000.000
XT345093,4130,SUBMATWNV509,1000.000
XT345093,2052,SUBMATSNV423,1000.000
MV090068,2070,121101966A,1000.000
MV090068,2430,1011TR435A,4.583
MV090068,2070,1071F76004,0.093
MV090068,2200,1091A07T21,32.958
MV090068,2300,1081760LB5,0.225
MV090068,2410,1101L70545,90.000
RK064006,2070,121100935A,1000.000
RK064006,2430,1011TR048A,4.231
RK064006,2070,1071F76004,0.446
RK064006,2200,1091A07C21,58.450
RK064006,2300,1081G1250B,0.172
RK064006,2410,1101L70560,64.000
YQ008248,2070,120101162A,1000.000
YQ008248,2430,1011TR011A,2.344
YQ008248,2070,1071F76004,0.710
YQ008248,2130,1071F310JB,0.710
YQ008248,2200,1091A07T21,16.048
YQ008248,3200,1091A07T21,17.018
YQ008248,2300,108192HF4B,0.117
YQ008248,2410,1231BAS00A,0.070
YQ008248,2070,SUBMATWAB247,1000.000
YQ008248,2130,SUBMATWAB248,1000.000
MA024072,2070,1071P20251,0.212
MA024072,2200,1091A07T21,14.776
MA024072,2300,1081125005,0.111
MA024072,2410,1101L03440,24.000
MA024072,2430,1011TR076A,2.344
MA024072,2070,121100148A,1000.000
Y6008100,2070,120101085A,1000.000
Y6008100,2070,1071F76005,0.102
Y6008100,2200,1091A07T41,10.790
Y6008100,2300,1081G700L1,0.034
Y6008100,2410,1231BAS00A,0.070
TR048057,2070,120101053A,1000.000
TR048057,2430,2111TR070A,11.458
TR048057,2070,1071F76004,0.000
TR048057,2200,1091A07C21,83.442
TR048057,2300,1081G631H2,0.717
TR048057,2410,1231BAS00A,0.070
IA000089,2021,1071FC86R2,0.059
YQ008144,2070,120100128A,1000.000
YQ008144,2430,1011TR347A,2.292
YQ008144,2070,1071F76004,0.208
YQ008144,2200,1091A09C41,41.360
YQ008144,2300,108192HF42,0.130
YQ008144,2410,1231BAS00A,0.070
XW024E003,2070,121102385A,1000.000
XW024E003,2430,1011TR076A,2.344
XW024E003,2070,1071F76004,0.710
XW024E003,2130,1071F310JB,0.710
XW024E003,3130,1071F310JB,0.710
XW024E003,3330,1071F310JB,0.710
XW024E003,2200,1091A07T21,20.748
XW024E003,3200,1091A07T21,23.998
XW024E003,3400,1091A07T21,26.418
XW024E003,3600,1091A07T21,28.358
XW024E003,2300,1081G1250B,0.099
XW024E003,2410,1101L70540,24.000
XW024E003,2070,SUBMATWCME545ENG,1000.000
XW024E003,2130,SUBMATWCME546ENG,1000.000
XW024E003,3130,SUBMATWCME546ENG,1000.000
XW024E003,3330,SUBMATWCME546ENG,1000.000
YQ008E87,2070,120101166A,1000.000
YQ008E87,2430,1011TR011A,2.344
YQ008E87,2070,1071F76004,0.710
YQ008E87,2130,1071F310JB,0.710
YQ008E87,2200,1091A07T21,16.048
YQ008E87,3200,1091A07T21,17.018
YQ008E87,2300,108192HF4B,0.117
YQ008E87,2410,1231BAS00A,0.070
YQ008E87,2070,SUBMATWCME574ENG,1000.000
YQ008E87,2130,SUBMATWCME575ENG,1000.000
X2132E65,2410,1101L70542,132.000
X2132E65,2070,SUBMATWCME466ENG,4000.000
X2132E65,2070,121102076A,1000.000
X2132E65,2430,1011TR726A,9.821
X2132E65,2070,1071F90020,9.292
X2132E65,2200,1091A06C41,175.680
X2132E65,2300,1081760LB7,0.510
TR048E04,2070,SUBMATWCME459ENG,2000.000
TR048E04,2070,120101053A,1000.000
TR048E04,2430,2111TR070A,11.458
TR048E04,2070,1071F76004,2.934
TR048E04,2200,1091A07C21,132.830
TR048E04,2300,10819240H4,0.717
TR048E04,2410,1231BAS00A,0.070
EL096112,2070,121102391A,1000.000
EL096112,2430,1011TR703A,5.556
EL096112,2070,1071P62022,1.748
EL096112,2200,1091A07T41,66.932
EL096112,2300,108117HFU8,0.207
EL096112,2410,1101L70545,96.000
IA000074,2021,1071F28502,0.059
IA000074,3720,1011CA278A,0.008
6A008179,2052,1221C20036,6000.000
6A008179,2052,1221R20049,1000.000
6A008179,2070,121101796A,1000.000
6A008179,2434,1011TR753A,9.167
6A008179,2070,1071F350L1,0.047
6A008179,2130,1071F76004,3.290
6A008179,2200,1091A06C41,121.878
6A008179,2300,1081E770A1,0.297
6A008179,2052,1101T70525,8.680
6A008179,2052,SUBMATSNV294,1000.000
6A008179,2070,SUBMATWNV182,1000.000
6A008179,2130,SUBMATWNV426,2000.000
YK008605,2070,120100036B,0.000
YK008605,2070,1071P10764,0.000
YK008605,2200,1091A08T41,0.000
YK008605,2300,1081G700L1,0.000
YK008605,3720,1011CA106A,0.014
OF016603,2300,108192HF36,0.000
OF016603,2070,120100169A,0.000
OF016603,3720,1011CA214A,0.014
OF016603,2070,1241FAC26S,0.000
YK010632,2070,120101077A,0.000
YK010632,2070,1071P10764,0.000
YK010632,2200,1091A08T41,0.000
YK010632,2300,108192HF42,0.000
YK010632,3720,1011CA106A,0.014
XT345078,2052,1221C20016,5000.000
XT345078,2052,1221R20006,1000.000
XT345078,2052,1221R20005,1000.000
XT345078,2052,1221R20007,1000.000
XT345078,2052,1221R20008,1000.000
XT345078,2052,1221I20010,1000.000
XT345078,2070,121101905A,1000.000
XT345078,2430,1011TR439A,7.237
XT345078,2070,1071F350L2,0.010
XT345078,2130,1071F350L2,0.038
XT345078,3130,1071F76004,0.317
XT345078,3330,1071F76004,0.132
XT345078,4130,1071F76004,0.823
XT345078,4330,1071F310JB,1.008
XT345078,4530,1071F76001,1.008
XT345078,4730,1071F76001,2.016
XT345078,2200,1091A07C41,266.298
XT345078,3200,1091A08C41,172.958
XT345078,3400,1091A08C41,179.458
XT345078,2300,1081GE100C,0.162
XT345078,2052,1101T70525,8.680
XT345078,2410,1101L70530,345.000
XT345078,2052,SUBMATSNV339,1000.000
XT345078,2070,SUBMATWNV022,1000.000
XT345078,2130,SUBMATWNV023,1000.000
XT345078,3130,SUBMATWNV157,1000.000
XT345078,3330,SUBMATWNV220,1000.000
XT345078,4130,SUBMATWNV221,1000.000
XT345078,4330,SUBMATWNV360,1000.000
XT345078,4530,SUBMATWNV361,1000.000
XT345078,4730,SUBMATWNV361,2000.000
6A008243,2052,1221C20036,3000.000
6A008243,2052,1221C20037,5000.000
6A008243,2052,1221R20049,1000.000
6A008243,2070,121101900A,1000.000
6A008243,2434,1011TR753A,9.167
6A008243,2070,1071F350L1,0.047
6A008243,2130,1071F76004,0.000
6A008243,2200,1091A06C41,96.630
6A008243,2300,1081E770A1,0.297
6A008243,2052,1101T70525,8.680
6A008243,2070,SUBMATWNV182,1000.000
6A008243,2130,SUBMATWNV528,1000.000
6A008243,2052,SUBMATSNV391,1000.000
X2132451,2070,121102155A,1000.000
X2132451,2430,1011TR726A,9.821
X2132451,2070,1071F76004,4.032
X2132451,2200,1091A06C41,158.972
X2132451,2300,1081760LB7,0.510
X2132451,2410,1101G77042,132.000
X2132451,2070,SUBMATWNV472,4000.000
6A008264,2052,1221C20040,6000.000
6A008264,2070,121101889A,1000.000
6A008264,2434,1011TR727A,9.167
6A008264,2070,1071F76004,1.488
6A008264,2130,1071F350L1,0.059
6A008264,2200,1091G07PA4,98.916
6A008264,2300,1081E770A1,0.297
6A008264,2052,1101T70525,8.680
6A008264,2070,SUBMATWZA026,1000.000
6A008264,2130,SUBMATWZA012,1000.000
6A008264,2052,SUBMATSZA045,1000.000
MA024105,2070,121100152A,1000.000
MA024105,2430,1011TR076A,2.344
MA024105,2070,1071P20251,0.779
MA024105,2200,1091A07T21,13.000
MA024105,2300,1081125006,0.111
MA024105,2410,1101L70540,24.000
EO078004,2070,121102022A,1000.000
EO078004,2430,1011TR677A,5.238
EO078004,2070,1071P62022,3.000
EO078004,2200,1091G08PA4,65.746
EO078004,2300,1081G750V8,0.370
EO078004,2410,1101L70545,78.000
N9134001,2070,121101527A,1000.000
N9134001,2430,1011TR678A,6.433
N9134001,2070,1071F76004,0.402
N9134001,2200,1091A08C41,301.490
N9134001,2300,1081760LB7,0.232
N9134001,2410,1101L70530,134.000
YK010033,2070,120101109A,1000.000
YK010033,2070,1071P10764,0.052
YK010033,2200,1091A08T41,9.500
YK010033,2300,108192HF42,0.012
YK010033,2410,1231BAS00A,0.070
6A008232,2052,1221C20040,7000.000
6A008232,2070,121101916A,1000.000
6A008232,2434,1011TR753A,9.167
6A008232,2070,1071F350L1,0.040
6A008232,2130,1071F76001,1.008
6A008232,2200,1091A06C41,78.844
6A008232,2300,1081E770A1,0.297
6A008232,2052,1101T70525,8.680
6A008232,2070,SUBMATWNV448,1000.000
6A008232,2130,SUBMATWNV207,1000.000
6A008232,2052,SUBMATSNV380,1000.000
XT345094,2052,1221C20016,7000.000
XT345094,2052,1221I20010,1000.000
XT345094,2052,1221R20006,1000.000
XT345094,2052,1221R20005,1000.000
XT345094,2052,1221R20072,1000.000
XT345094,2052,1221BA0006,1000.000
XT345094,2052,1221BF0001,1000.000
XT345094,2070,121102197A,1000.000
XT345094,2430,1011TR755A,7.237
XT345094,2070,1071F76004,0.944
XT345094,2130,1071F76004,0.151
XT345094,3130,1071F76004,0.317
XT345094,3330,1071F310JB,1.412
XT345094,4130,1071F76001,4.236
XT345094,4330,1071F76001,1.412
XT345094,4530,1071F76001,4.236
XT345094,2200,1091A07C41,250.996
XT345094,3200,1091A07C41,162.304
XT345094,3400,1091A07C41,154.120
XT345094,2300,1081GE100C,0.329
XT345094,2052,1101T70525,8.680
XT345094,2410,1101G77028,345.000
XT345094,2070,SUBMATWNV070,1000.000
XT345094,2130,SUBMATWNV069,1000.000
XT345094,3130,SUBMATWNV157,1000.000
XT345094,3330,SUBMATWNV444,1000.000
XT345094,4130,SUBMATWNV445,3000.000
XT345094,4330,SUBMATWNV478,1000.000
XT345094,4530,SUBMATWNV445,3000.000
XT345094,2052,SUBMATSNV424,1000.000
Y6008123,2070,120101079A,1000.000
Y6008123,2070,1071F76004,0.055
Y6008123,2200,1091A07C41,14.820
Y6008123,2300,108192HF4A,0.034
Y6008123,2410,1231BAS00A,0.070
6A008185,2052,1221C20040,4000.000
6A008185,2070,121101916A,1000.000
6A008185,2434,1011TR727A,9.167
6A008185,2070,1071F76004,1.645
6A008185,2130,1071F350L1,0.027
6A008185,2200,1091G07PA4,98.642
6A008185,2300,1081E770A1,0.297
6A008185,2052,1101T70525,8.680
6A008185,2052,SUBMATSZA025,1000.000
6A008185,2070,SUBMATWZA025,1000.000
6A008185,2130,SUBMATWZA031,1000.000
NW063065,2070,121101925A,1000.000
NW063065,2430,1011TR614A,5.357
NW063065,2070,1071F76005,0.832
NW063065,2200,1091A07T21,29.978
NW063065,2300,1081G1250B,0.201
NW063065,2410,1101G70545,63.000
NW063101,2070,121102079A,1000.000
NW063101,2430,1011TR614A,5.357
NW063101,2070,1071F76004,1.442
NW063101,2200,1091A07T21,37.784
NW063101,2300,1081G1250B,0.207
NW063101,2410,1101L70545,63.000
TP048075,2070,1071F76004,2.281
TP048075,2200,1091A08T41,60.830
TP048075,2410,1231BAS00A,0.070
TP048075,2430,1011TR070A,11.458
TP048075,2300,108197HF02,0.717
TP048075,2070,120100398A,1000.000
ML165070,2070,1071F76004,1.469
ML165070,2200,1091A10C41,468.966
ML165070,2300,1081125002,0.630
ML165070,2410,1101L70545,165.000
ML165070,2430,1011TR112A,7.640
ML165070,2070,121101670A,1000.000
MW048013,2070,121100500A,1000.000
MW048013,2430,1011TR058B,5.238
MW048013,2070,1071P20251,2.004
MW048013,2200,1091A09C21,52.654
MW048013,2300,1081125001,0.275
MW048013,2410,1101L70535,48.000
IA000109,2021,1071FC86R3,0.075
IA000109,3720,1011CA320A,0.008
YQ008195,2070,120100128A,1000.000
YQ008195,2430,1011TR347A,2.292
YQ008195,2070,1071F76004,0.141
YQ008195,2200,1091A09C41,33.910
YQ008195,2300,108192HF42,0.130
YQ008195,2410,1231BAS00A,0.070
MA024284,2070,121102013A,1000.000
MA024284,2430,1011TR011A,2.292
MA024284,2070,1071P20251,0.299
MA024284,2200,1091A07C21,34.792
MA024284,2300,1081G1250B,0.712
MA024284,2410,1101L70540,24.000
IA000165,3720,1011CA372A,0.008
YM008144,2070,120100065A,1000.000
YM008144,2070,1071F76004,0.034
YM008144,2200,1091A08C41,14.750
YM008144,2300,108192HF4A,0.017
YM008144,2410,1231BAS00A,0.070
5T044025,2070,121102361A,1000.000
5T044025,2070,1071F350L1,0.053
5T044025,2130,1071F76004,0.169
5T044025,3130,1071F310V5,1.860
5T044025,2200,1091A06C41,75.104
5T044025,3200,1091A06C41,26.728
5T044025,2300,1081A381C1,0.186
5T044025,2070,SUBMATWCME335ENG,1000.000
5T044025,2130,SUBMATWCME473ENG,1000.000
5T044025,3130,SUBMATWCMA183ENG,1000.000
XW024E002,2070,121102370A,1000.000
XW024E002,2430,1011TR076A,2.344
XW024E002,2070,1071F76004,0.710
XW024E002,2130,1071F310JB,0.710
XW024E002,3130,1071F310JB,0.710
XW024E002,3330,1071F310JB,0.710
XW024E002,2200,1091A07T21,20.748
XW024E002,3200,1091A07T21,23.998
XW024E002,3400,1091A07T21,26.418
XW024E002,3600,1091A07T21,28.358
XW024E002,2300,1081G1250B,0.099
XW024E002,2410,1101L70540,24.000
XW024E002,2070,SUBMATWCME545ENG,1000.000
XW024E002,2130,SUBMATWCME546ENG,1000.000
XW024E002,3130,SUBMATWCME546ENG,1000.000
XW024E002,3330,SUBMATWCME546ENG,1000.000
YM008E15,2070,120101149A,1000.000
YM008E15,2430,1011TR809A,1.571
YM008E15,2070,1071F76001,0.085
YM008E15,2200,1091A08T41,11.974
YM008E15,2300,108192HF42,0.130
YM008E15,2410,1231BAS00A,0.070
IA000104,3720,1011CA312A,0.008
IA000104,2021,1071F28502,0.044
XT345E12,2052,1221C20016,7000.000
XT345E12,2052,1221I20010,1000.000
XT345E12,2052,1221R20006,1000.000
XT345E12,2052,1221R20005,1000.000
XT345E12,2052,1221R20072,1000.000
XT345E12,2052,1221BA0006,1000.000
XT345E12,2052,1221BF0001,1000.000
XT345E12,2070,121102197A,1000.000
XT345E12,2430,1011TR439A,7.237
XT345E12,2070,1071F76004,0.959
XT345E12,2130,1071F76004,0.153
XT345E12,3130,1071F76004,0.317
XT345E12,3330,1071F310JB,1.488
XT345E12,4130,1071F76001,1.488
XT345E12,2200,1091A07C41,250.996
XT345E12,3200,1091A07C41,141.266
XT345E12,2300,1081GE100C,0.274
XT345E12,2052,1101T70525,8.680
XT345E12,2410,1101G77028,345.000
XT345E12,2070,SUBMATWCMD51ENG,1000.000
XT345E12,2130,SUBMATWCMD50ENG,1000.000
XT345E12,3130,SUBMATWCME163ENG,1000.000
XT345E12,3330,SUBMATWCME587ENG,1000.000
XT345E12,4130,SUBMATWCME588ENG,1000.000
XT345E12,2052,SUBMATSCM129ENG,1000.000
6B008031,2052,1221C20040,6000.000
6B008031,2070,121101997A,1000.000
6B008031,2434,1011TR746A,9.167
6B008031,2070,1071F350L1,0.059
6B008031,2130,1071F76004,1.008
6B008031,2200,1091A06C41,70.414
6B008031,2300,1081G771F1,0.310
6B008031,2052,1101T70525,8.680
6B008031,2052,SUBMATSCM096ENG,1000.000
6B008031,2070,SUBMATWCME102ENG,1000.000
6B008031,2130,SUBMATWCME103ENG,1000.000
