wlth_lot_number,wlth_equipment_id,START,END
R03NVBK16,BB211,1644420500,1644420620
R06AWAP03,BB211,1644253779,1644253779
R06MSE105,BB212,1644256586,1644256586
R06MSH802,BB212,1644392723,1644392843
R06AWAP08,BB213,1644263154,1644263154
R06AWAR16,BB213,1644407507,1644407627
R04AWDA25,BB214,1644268536,1644268536
R05AWBQ33,BB214,1644410223,1644410343
R07MSBC01,BB215,1644412334,1644412454
P46UKT301,BB216,1644270125,1644270125
R06MSG308,BB217,1644261380,1644261380
R06MSAT02,BB218,1644276600,1644318258
R03NVBK05,BB219,1644272405,1644272405
R03NVBK12,BB219,1644410516,1644410636
R06MSBJ02,BB220,1644276600,1644295123
R06MSES02,BB221,1644258516,1644258516
R06MSHB03,BB221,1644385513,1644385633
R05MSL404,BB222,1644251801,1644251801
R06MSJ603,BB223,1644276600,1644395686
R06AWAP07,BB224,1644255344,1644255344
R06AWAR19,BB224,1644411548,1644411668
R06MSJ702,BB225,1644276600,1644372168
R06MSJV06,BB225,1644372275,1644372395
R06MSG602,BB226,1644276600,1644295000
R06MSJ105,BB226,1644361985,1644363000
R05MSL403,BB227,1644276600,1644290696
R06AWAP06,BB228,1644256854,1644256854
R80CMDW01,BB228,1644405971,1644406091
R03NVBK07,BB229,1644361573,1644363000
R05AWCE01,BB230,1644252575,1644252575
R06AWA601,BB230,1644405415,1644405535
R05MSG104,BB231,1644265329,1644265329
R06MSJH06,BB231,1644421079,1644421199
R06MSB404,BB232,1644276600,1644300359
R06MSBB03,BB232,1644362574,1644363000
P46UKT302,BB233,1644276600,1644302880
R05AWA101,BB234,1644257921,1644257921
R05AWBP26,BB234,1644381300,1644381420
R05AWCE05,BB235,1644402501,1644402621
R05CDAJ02,BB235,1644253846,1644253846
R05CDBH01,BB441,1644276600,1644293229
R05CDBM03,BB441,1644394013,1644394133
R05CDBH02,BB442,1644267119,1644267119
R05CDBJ01,BB442,1644315628,1644363000
R05CDBH07,BB443,1644276600,1644420973
R05CDBI05,BB443,1644421402,1644421522
R07MSBJ01,BB444,1644392927,1644393047
R05MSKT04,BB445,1644254434,1644254434
R06MSBC03,BB445,1644337793,1644363000
R03BUB601,BB446,1644346824,1644363000
R05BUB211,BB446,1644276600,1644327272
R04RKAT01,BB447,1644255080,1644255080
R06MSFN04,BB448,1644276600,1644331169
R06MSGB02,BB448,1644331236,1644363000
R06ABB907,BB450,1644267605,1644267605
R06ABBU15,BB450,1644407364,1644407484
R06ABDV08,BB451,1644420465,1644420585
R05BUB612,BB452,1644269931,1644269931
R06AWAR02,BB452,1644407935,1644408055
R05BUB208,BB453,1644276600,1644300492
R06ABBU05,BB453,1644388668,1644388788
R04RKAT03,BB454,1644276600,1644277661
R05CDBH04,BB455,1644275573,1644275573
R05CDBN09,BB455,1644383603,1644383723
R06ABB805,BB456,1644411394,1644411514
R05BUBN02,BB457,1644269793,1644269793
R05BUBP01,BB457,1644379119,1644379239
R06ABBE03,BB458,1644258191,1644258191
R06ABDV06,BB458,1644371822,1644371942
R80CMD201,BB459,1644259018,1644259018
R05CDA102,BB460,1644376351,1644376471
R06MSC504,BB460,1644272369,1644272369
R05BUB901,BB461,1644276600,1644309325
R05BUB907,BB461,1644421637,1644421757
R06CDA205,BB462,1644387960,1644388080
R06MSC510,BB462,1644263925,1644263925
R05MSL902,BB463,1644264867,1644264867
R06MSEL03,BB463,1644339904,1644363000
R05BUB615,BB465,1644253885,1644253885
R06AWAR14,BB465,1644411777,1644411897
R06MSFH01,BB466,1644321291,1644363000
R06MSFK03,BB466,1644276600,1644321038
R06MSB104,BB467,1644274226,1644274226
R05BUB207,BB468,1644276600,1644303093
R06CDA105,BB468,1644371666,1644371786
R04RKB304,BB469,1644265705,1644265705
R06MSCD10,BB469,1644402039,1644402159
R05BUB608,BB470,1644250346,1644250346
R06ABBU10,BB470,1644393644,1644393764
R06MSA602,BB471,1644276600,1644328401
R06MSGA01,BB471,1644328483,1644363000
R06AWAE01,BB472,1644260146,1644260146
R06AWAK01,BB472,1644384170,1644384290
R06MSCH04,BB473,1644259856,1644259856
R06ABBU13,BB474,1644397669,1644397789
R06MSFI03,BB475,1644276600,1644302538
R06MSGK04,BB475,1644410279,1644410399
R06AWAR06,BB476,1644417454,1644417574
R06MSC413,BB476,1644259628,1644259628
R05MSFB08,BB477,1644254059,1644254059
R06MSA108,BB477,1644387503,1644387623
R06AWAR15,BB478,1644409955,1644410075
R06MSC503,BB478,1644258556,1644258556
R05MSL402,BB479,1644269062,1644269062
R06MSBD03,BB479,1644330258,1644363000
R05CDBI01,BB480,1644276600,1644287647
R05CDBN01,BB480,1644345970,1644363000
R06AWAF02,BB481,1644276600,1644289743
R06AWAJ01,BB481,1644415897,1644416017
R04RKAW04,BB482,1644259360,1644259360
R05CDBL06,BB482,1644403779,1644403899
R05MSF702,BB483,1644276600,1644355032
R06MSFS01,BB483,1644355248,1644363000
R04RKB103,BB484,1644276600,1644355511
R05CSD201,BB484,1644402543,1644402663
R06MSEX02,BB485,1644276600,1644303217
R06MSHB04,BB485,1644388564,1644388684
R06ABBE07A,BB486,1644256274,1644256274
R06ABDU04,BB486,1644333222,1644363000
R04RKB402,BB487,1644256873,1644256873
R05MSL102,BB487,1644287181,1644363000
R04BUAV04,BB488,1644392722,1644392842
R05BUB210,BB488,1644276600,1644277834
R06ABB601,BB489,1644362150,1644363000
R06AWA102,BB489,1644260433,1644260433
R06MSC807,BB496,1644258343,1644258343
R06MSCD17,BB496,1644412094,1644412214
R06MSJ803,BB497,1644276600,1644374859
R06MSJQ02,BB497,1644375131,1644375251
R06MSA102,BB498,1644276600,1644279751
R06MSA106,BB498,1644364206,1644364326
R06MSJ804,BB499,1644276600,1644281959
R07MSC603,BB499,1644401113,1644401233
R05CDA101,BB500,1644376221,1644376341
R06MSCH09,BB501,1644253043,1644253043
R03YZAI04,BB502,1644254244,1644254244
R05MSL502,BB504,1644276600,1644289416
R03YZAJ02,BB505,1644276600,1644302163
R05CDAM01,BB506,1644276600,1644393907
R05BUB903,BB507,1644276600,1644310096
R05BUB906,BB507,1644373224,1644373344
R05ABJB04,BB508,1644276600,1644281499
R06MSAX04,BB509,1644276600,1644335657
R06MSFA03,BB509,1644335825,1644363000
R06MSF503,BB510,1644257384,1644257384
R06MSFR04,BB510,1644348327,1644363000
R05CDBQ01,BB511,1644389331,1644389451
R06MSC502,BB511,1644273807,1644273807
R03BUB602,BB512,1644345143,1644363000
R06MSC501,BB512,1644273418,1644273418
R06MSF402,BB513,1644276600,1644290221
R06MSGG02,BB513,1644411834,1644411954
R06MSFP02,BB514,1644276600,1644306746
R06MSGG03,BB514,1644418040,1644418160
R06ABB206,BB515,1644276600,1644315938
R06ABB803,BB515,1644400716,1644400836
R06MSJA04,BB516,1644276600,1644279772
R06MSJE03,BB516,1644402281,1644402401
R06ABDV03,BB517,1644333940,1644363000
R06MSJ503,BB518,1644259825,1644259825
R07MSA101,BB518,1644359950,1644363000
R05MSL503,BB519,1644276600,1644279868
R06MSFD02,BB519,1644393275,1644393395
R04RKAX02,BB520,1644251442,1644251442
R06ABD504,BB520,1644316032,1644363000
R06MSF501,BB521,1644272018,1644272018
R06MSGF03,BB521,1644393603,1644393723
R05MSFV02,BB522,1644258563,1644258563
R06MSJJ04,BB522,1644345912,1644363000
R06MSBG01,BB523,1644276600,1644294516
R06MSJA01,BB524,1644262731,1644262731
R06MSJJ08,BB524,1644415168,1644415288
R06MSCH01,BB525,1644261169,1644261169
R04RKB301,BB526,1644276600,1644307047
R07ABC301,BB526,1644415619,1644415739
R06ABB702,BB527,1644276600,1644296826
R06ABB809,BB527,1644407423,1644407543
R04RKB504,BB528,1644255577,1644255577
R06ABB703,BB529,1644275151,1644275151
R06ABB804,BB529,1644405123,1644405243
R06MSCH15,BB530,1644269302,1644269302
R05AWAC03,BB531,1644250631,1644250631
R06ABD917,BB531,1644414111,1644414231
R04RKB401,BB532,1644267574,1644267574
R05BUAB03,BB532,1644418010,1644418130
R06MSA101,BB533,1644276600,1644286057
R06MSA107,BB533,1644389615,1644389735
R06ABD911,BB534,1644418783,1644418903
R03YZAI11,BB535,1644276600,1644283159
R04YZAM11,BB535,1644398075,1644398195
R05AWAC06,BB536,1644266126,1644266126
R06MSH702,BB536,1644299922,1644363000
R04RKB102,BB537,1644276600,1644286280
R06MSAK03,BB537,1644361166,1644363000
R05ABJA01,BB538,1644274983,1644274983
R03YZAJ11,BB539,1644276600,1644332796
R04YZAM09,BB539,1644400130,1644400250
R05MSF701,BB540,1644273620,1644273620
R06MSGF02,BB540,1644403556,1644403676
R06MSJ601,BB541,1644276600,1644342790
R06MSJW02,BB541,1644419737,1644419857
R06ABBE08,BB542,1644275518,1644275518
R06ABDU07,BB542,1644394970,1644395090
R03DYA202,BB544,1644386256,1644386376
R80CMD101,BB544,1644275840,1644275840
R05CDBI04,BB545,1644276600,1644311526
R05CDBN07,BB545,1644360463,1644363000
R04RKB104,BB546,1644256929,1644256929
R04RKB403,BB546,1644257577,1644363000
R03DYA106,BB547,1644276600,1644296812
R05CDBI03,BB548,1644274484,1644274484
R05CDBN10,BB548,1644375388,1644375508
R05CDBH10,BB549,1644276600,1644298671
R05CDBN08,BB549,1644374504,1644374624
R06MSB304,BB550,1644276600,1644322302
R03YZAI15,BB551,1644268917,1644268917
R04YZAM01,BB551,1644372905,1644373025
R06MSB103,BB552,1644276600,1644309663
R06MSJ701,BB553,1644276600,1644337368
R06MSJJ03,BB553,1644337541,1644363000
R06MSA604,BB554,1644263820,1644263820
R06MSFI01,BB554,1644263905,1644363000
R05CDBH06,BB555,1644276600,1644281693
R05CDBJ04,BB555,1644355584,1644363000
R04BUAV08,BB556,1644404124,1644404244
R04RKAZ04,BB556,1644253774,1644253774
R06MSDK01,BB557,1644253546,1644253546
R07MSAI07,BB557,1644421505,1644421625
R05MSFW01,BB558,1644276600,1644278167
R06MSJX01,BB558,1644408376,1644408496
R06MSC904,BB559,1644257815,1644257815
R06MSCD08,BB559,1644417750,1644417870
R06MSED01,BB560,1644276600,1644316827
R07MSAP04,BB560,1644412580,1644412700
R06MSC909,BB561,1644270296,1644270296
R06MSCD06,BB561,1644417969,1644418089
R06MSCH12,BB563,1644265339,1644265339
R07ABBR02,BB563,1644393275,1644393395
R04RKAZ03,BB565,1644276600,1644289431
R04BUAM01,BB566,1644358258,1644363000
R05CDBH05,BB567,1644276600,1644281580
R05CDBM04,BB567,1644400621,1644400741
R05ABJA03,BB568,1644257275,1644257275
R04RKB302,BB569,1644276600,1644305113
R06ABD702,BB569,1644315395,1644363000
R05ABJB06,BB571,1644255315,1644255315
R03YZAJ10,BB572,1644276600,1644361304
R04YZAM05,BB572,1644361689,1644363000
R06MSF502,BB573,1644275477,1644275477
R06MSGF01,BB573,1644400591,1644400711
R06ABB902,BB574,1644276600,1644287758
R06ABBU09,BB574,1644412074,1644412194
R04RKB303,BB575,1644252744,1644252744
R04RKB404,BB575,1644253119,1644363000
R06MSB203,BB576,1644276600,1644291194
R06MSJD02,BB577,1644276600,1644323257
R06MSJE02,BB577,1644355908,1644363000
R05BUBN04,BB578,1644276600,1644314166
R05BUBP02,BB578,1644355446,1644363000
R05AWAC04,BB579,1644254244,1644254244
R07ABC302,BB579,1644419443,1644419563
R06MSBQ08,BB580,1644254158,1644254158
R07MSAP08,BB580,1644400170,1644400290
R06MSC908,BB581,1644261571,1644261571
R06MSCD12,BB581,1644400730,1644400850
R06ABB207,BB583,1644276600,1644332511
R06ABB602,BB583,1644404051,1644404171
R04RKB203,BB584,1644276600,1644328384
R05VGED03,BB584,1644352940,1644363000
R06MSJD04,BB585,1644276600,1644313447
R06MSJM01,BB585,1644385331,1644385451
R06MSEZ02,BB586,1644276600,1644332156
R06MSH407,BB586,1644393082,1644393202
R06MSAZ03,BB587,1644276600,1644290074
R05CDAL07,BB588,1644276600,1644278135
R05CDAN05,BB588,1644362330,1644363000
R06ABDV01,BB589,1644333785,1644363000
R06ABBE05,BB590,1644257682,1644257682
R06ABDU02,BB590,1644343432,1644363000
R05NVDV10,BB591,1644259349,1644259349
R07ABBR03,BB591,1644419775,1644419895
R06ABAX01,BB592,1644276600,1644305713
R06ABB802,BB592,1644407850,1644407970
R06ABB605,BB593,1644357938,1644363000
R06ABB701,BB593,1644276600,1644301378
R06MSFN03,BB594,1644276600,1644375814
R06MSFU04,BB594,1644375976,1644376096
R06MSCA01,BB595,1644263834,1644263834
R06MSCD07,BB595,1644422371,1644422491
R06ABBD06,BB596,1644261125,1644261125
R06ABDV04,BB596,1644343296,1644363000
R03BUB603,BB597,1644411160,1644411280
R04RKB403,BB597,1644257577,1644257577
R04RKB201,BB598,1644262529,1644262529
R05BUAD01,BB598,1644307702,1644363000
R05BUBG01,BB599,1644257529,1644257529
R05VGED05,BB599,1644412388,1644412508
R06MSC910,BB601,1644262961,1644262961
R06MSCD04,BB601,1644418264,1644418384
R06ABBE06,BB602,1644253717,1644253717
R06ABDU06,BB602,1644345170,1644363000
R04BUAV01,BB603,1644276600,1644310899
R04BUAV09,BB603,1644399245,1644399365
R06ABB101,BB604,1644384987,1644385107
R06ABB903,BB605,1644251542,1644251542
R06ABBU14,BB605,1644403309,1644403429
R05BUBI01,BB606,1644273892,1644273892
R05CDBN04,BB606,1644326302,1644363000
R04RKB501,BB607,1644256074,1644256074
R99CMA601,BB607,1644390321,1644390441
R04RKB502,BB608,1644276600,1644333365
R06CDA104,BB608,1644353093,1644363000
R06ABB808,BB609,1644409797,1644409917
R06MSES04,BB610,1644276006,1644276006
R06MSH801,BB610,1644365081,1644365201
R05CDBI02,BB611,1644269716,1644269716
R05CDBL05,BB611,1644392732,1644392852
R06MSFI04,BB612,1644276600,1644349372
R06MSFT03,BB612,1644349453,1644363000
R05CDBM02,BB613,1644407421,1644407541
R03YZAJ07,BB614,1644276600,1644377522
R04YZAM12,BB614,1644420597,1644420717
R06MSED02,BB615,1644276600,1644299880
R07MSAF07,BB615,1644377817,1644377937
R05MSL504,BB616,1644255959,1644255959
R06MSEV01,BB617,1644276600,1644277763
R04RKAW02,BB618,1644252213,1644252213
R06MSAK02,BB618,1644351273,1644363000
R06MSC402,BB619,1644251056,1644251056
R07AWA505,BB619,1644409541,1644409661
R05CDAL04,BB620,1644276600,1644355159
R05CDAM05,BB620,1644418996,1644419116
R06MSEU06,BB621,1644276600,1644278933
R06MSB504,BB622,1644276600,1644348336
R06MSJ802,BB624,1644275691,1644275691
R06MSJF03,BB624,1644401746,1644401866
R05ABH201,BB702,1644250776,1644250776
R05CDB301,BB702,1644402791,1644402911
R05ABA705,BB703,1644259809,1644259809
R06YZAB05,BB703,1644380041,1644380161
R03YZAJ04,BB704,1644276600,1644317880
R04YZAM14,BB704,1644372846,1644372966
R06MSFJ01,BB705,1644276600,1644284820
R06MSGE01,BB705,1644412099,1644412219
R06MSJC01,BB706,1644276600,1644326774
R06MSJE07,BB706,1644413842,1644413962
R06CDA203,BB707,1644373540,1644373660
R07NVF720A,BB707,1644276600,1644300525
R03YZAJ16,BB708,1644274365,1644274365
R04YZAM04,BB708,1644373900,1644374020
R05YUA112,BB709,1644260850,1644260850
R06CDA204,BB709,1644378577,1644378697
R06MSF702,BB710,1644252179,1644252179
R06MSGB03,BB710,1644335777,1644363000
R07MSAS08,BB711,1644388128,1644388248
R06AWBH01,BB712,1644276600,1644303598
R06AWBH04,BB712,1644303745,1644363000
R06MSC209,BB713,1644276600,1644286409
R07MSAM08,BB713,1644389408,1644389528
R05SSB305,BB714,1644276600,1644282054
R05SSB525,BB714,1644360195,1644363000
R05SSB412,BB715,1644271165,1644271165
R05SSB518,BB715,1644393470,1644393590
R06MSEU05,BB716,1644276600,1644297193
R06MSH706,BB716,1644374540,1644374660
R05SSB335,BB717,1644276600,1644290531
R05SSB609,BB717,1644403232,1644403352
R06MSA601,BB718,1644276600,1644321253
R06MSGM01,BB718,1644421243,1644421363
R05BUAF01,BB719,1644375352,1644375472
R05SSB416,BB719,1644276600,1644300144
R05AWA143,BB720,1644276600,1644280214
R05AWBP16,BB720,1644382345,1644382465
R06MSJ401,BB721,1644274576,1644274576
R07MSC602,BB721,1644407271,1644407391
R06AWAV01,BB722,1644271997,1644271997
R06AWAW22,BB722,1644362311,1644363000
R03AWCY03,BB723,1644393655,1644393775
R06AWAZ04,BB723,1644250982,1644250982
R06MSFK01,BB724,1644276600,1644312703
R06MSGK02,BB724,1644419771,1644419891
R05AWCI04,BB725,1644276600,1644279764
R06AWBG03,BB725,1644392147,1644392267
R06AWA304,BB726,1644268322,1644268322
R06CDA201,BB726,1644361250,1644363000
R06MSJA05,BB727,1644270531,1644270531
R06MSJJ05,BB727,1644367471,1644367591
R06MSCH13,BB728,1644259488,1644259488
R07YZA301,BB728,1644412239,1644412359
R05SSB404,BB729,1644267263,1644267263
R05SSB541,BB729,1644413662,1644413782
R06ABD501,BB730,1644276600,1644295876
R06ABD808,BB730,1644392312,1644392432
R06ABDU08,BB731,1644408046,1644408166
R06MSFK05,BB732,1644261918,1644261918
R06MSFS03,BB732,1644349424,1644363000
R05SSB240,BB733,1644256856,1644256856
R06YZAB14,BB733,1644381443,1644381563
R05SSB405,BB734,1644274612,1644274612
R05SSB524,BB734,1644381286,1644381406
R05SSB401,BB735,1644276600,1644291187
R05SSB411,BB736,1644276600,1644294075
R05SSB522,BB736,1644369578,1644369698
R05AWCW03,BB737,1644260645,1644260645
R06YZAB02,BB737,1644412566,1644412686
R05SSB413,BB738,1644276600,1644285231
R05SSB537,BB738,1644404833,1644404953
R06MSFH02,BB745,1644254897,1644254897
R06MSGG01,BB745,1644396057,1644396177
R05SSB403,BB746,1644268572,1644268572
R07MSBF01,BB746,1644415350,1644415470
R05SSB328,BB747,1644276600,1644288532
R05SSB607,BB747,1644414394,1644414514
R05SSB414,BB748,1644276600,1644281794
R05SSB531,BB748,1644418448,1644418568
R05BUAL08,BB749,1644263437,1644263437
R05SSB402,BB751,1644276600,1644291658
R05VGEH14,BB751,1644364517,1644364637
R06YZAB20,BB752,1644414205,1644414325
R05SSB226,BB753,1644268856,1644268856
R05SSB309,BB753,1644269046,1644363000
R03BUDB02,BB754,1644411182,1644411302
R05AWCW01,BB755,1644254713,1644254713
R06YZAB04,BB755,1644392340,1644392460
R05AWCI05,BB756,1644256594,1644256594
R06AWBG01,BB756,1644387326,1644387446
R06AWAZ06,BB757,1644265437,1644265437
R06AWB402,BB757,1644417044,1644417164
R05ABGE01,BB758,1644255924,1644255924
R05VGEH04,BB758,1644353311,1644363000
R06MSCH16,BB759,1644272390,1644272390
R06MSCK09,BB759,1644400729,1644400849
R05AWCV02,BB761,1644274264,1644274264
R06AWBG02,BB761,1644403713,1644403833
R04ABE919,BB762,1644276600,1644308407
R06YZAB01,BB762,1644400470,1644400590
R05VGEH21,BB763,1644402818,1644402938
R06ABD505,BB764,1644276600,1644321704
R06ABD809,BB764,1644409681,1644409801
R06AWBH03,BB765,1644276600,1644278585
R06AWC102,BB765,1644389760,1644389880
R05VGEH10,BB766,1644390839,1644390959
R05SSB334,BB767,1644276600,1644286094
R05VGEH11,BB767,1644376061,1644376181
R05CDAM04,BB769,1644276600,1644300075
R05CDAN04,BB769,1644366761,1644366881
R05ABA704,BB770,1644253481,1644253481
R06ABD806,BB770,1644388687,1644388807
R06MSFN05,BB771,1644266684,1644266684
R06MSG903,BB771,1644396492,1644396612
P46UKT401,BB772,1644276600,1644344307
P46UKT403,BB772,1644345825,1644363000
R05ABGJ01,BB773,1644274076,1644274076
R07AWAA01,BB773,1644399529,1644399649
P46UKT102,BB774,1644276600,1644302926
P46UKT402,BB774,1644303172,1644363000
R05SSB339,BB775,1644272854,1644272854
R05SSB538,BB775,1644389344,1644389464
R05AWA603,BB776,1644276600,1644299045
R05AWCH02,BB776,1644394513,1644394633
R05AWA602,BB777,1644265390,1644265390
R05AWCH01,BB777,1644362762,1644363000
R06MSBH01,BB778,1644276600,1644293762
R05SSB424,BB780,1644275263,1644275263
R05SSB527,BB780,1644399363,1644399483
R05SSB420,BB782,1644276600,1644285442
R05SSB619,BB782,1644406982,1644407102
R05SSB426,BB783,1644276350,1644276350
R05SSB535,BB783,1644389578,1644389698
R05AWA604,BB784,1644276600,1644279066
R05AWCH04,BB784,1644384150,1644384270
R05SSB407,BB785,1644276600,1644282771
R05SSB610,BB785,1644405864,1644405984
R03YZAJ17,BB786,1644276600,1644297050
R05SSB429,BB787,1644276600,1644294674
R05SSB533,BB787,1644380386,1644380506
R06AWAV03,BB788,1644257082,1644257082
R06AWB404,BB788,1644411903,1644412023
R05CDAK01,BB789,1644276600,1644312420
R06YZAB23,BB789,1644397640,1644397760
R06ABDV05,BB790,1644380142,1644380262
R05SSB419,BB791,1644276600,1644278757
R05SSB540,BB791,1644391566,1644391686
R05ABHF09,BB801,1644256185,1644256185
R05ABHF17,BB801,1644417518,1644417638
R05ABHF04,BB803,1644254079,1644254079
R05ABHF14,BB803,1644418220,1644418340
R05ABGF12,BB804,1644257446,1644257446
R06ABBY02,BB804,1644405785,1644405905
R03GAA304,BB805,1644276600,1644294977
R05ABFZ02,BB805,1644388640,1644388760
R05ASFB16,BB806,1644266193,1644266193
R05ASFE14,BB806,1644421779,1644421899
R05BWC106,BB807,1644381536,1644381656
R05BWC203,BB807,1644276600,1644288754
R05ASE403,BB808,1644256435,1644256435
R05ASEW10,BB808,1644419050,1644419170
R05NIJN09,BB809,1644407161,1644407281
R05ASAQ07,BB810,1644276600,1644367554
R05ASAR03,BB810,1644367647,1644367767
R05NIJA01,BB811,1644254780,1644254780
R05NIJU11,BB811,1644409042,1644409162
R05ASEP08,BB812,1644276600,1644282332
R05ASES03,BB812,1644367001,1644367121
R05ASAP03,BB813,1644273483,1644273483
R05ASAS08,BB813,1644347938,1644363000
R05ABF118,BB814,1644272106,1644272106
R05ABJM16,BB814,1644415915,1644416035
R05BWC208,BB815,1644383336,1644383456
R05BWC212,BB815,1644272376,1644272376
R05ASE309,BB816,1644276600,1644298599
R05ASES08,BB816,1644379841,1644379961
R05ABJK02,BB817,1644276600,1644277766
R06ABD103,BB817,1644411319,1644411439
R06MSEX05,BB818,1644276600,1644278068
R80CME501,BB818,1644410619,1644410739
R06MSER04,BB819,1644267483,1644267483
R06MSH102,BB819,1644360589,1644363000
R05ABF109,BB821,1644268337,1644268337
R05ABJM07,BB821,1644415170,1644415290
R05ASE417,BB822,1644276600,1644298139
R05ASES05,BB822,1644373407,1644373527
R05NIJU08,BB823,1644411717,1644411837
R05NIJN12,BB824,1644394243,1644394363
R05ASAP10,BB825,1644276600,1644307939
R05ASAR08,BB825,1644308102,1644363000
R04ASBC09,BB826,1644354835,1644363000
R05ABGB25,BB827,1644406778,1644406898
R06ABDJ07,BB827,1644265810,1644265810
R05ASET08,BB828,1644402816,1644402936
R05ASEU01,BB828,1644276600,1644288216
R04ASBC02,BB831,1644276600,1644294252
R04ASBC03,BB831,1644385858,1644385978
R05ABGB18,BB832,1644414843,1644414963
R06MSEZ03,BB832,1644276600,1644302251
R05ABEI09,BB833,1644263526,1644263526
R05ABEJ09,BB833,1644411056,1644411176
R05ASAQ01,BB834,1644276600,1644343126
R05ASAR10,BB834,1644343222,1644363000
R04ASBC06,BB835,1644352320,1644363000
R05ASAQ09,BB836,1644276600,1644379386
R05ASAS09,BB836,1644379486,1644379606
R05ABGF08,BB837,1644276600,1644289500
R06ABBY01,BB837,1644385103,1644385223
R05ASFB01,BB838,1644261300,1644261300
R05ASFE04,BB838,1644420228,1644420348
R05NIJU03,BB839,1644407543,1644407663
R05ABGB07,BB840,1644417186,1644417306
R06MSEW01,BB840,1644276600,1644313210
R05ASE421,BB841,1644269105,1644269105
R05ASET02,BB841,1644412097,1644412217
R05ABEK12,BB842,1644259495,1644259495
R05ABEM11,BB842,1644407563,1644407683
R04ABL209,BB843,1644250627,1644250627
R05ASET05,BB843,1644412451,1644412571
R05ASE307,BB844,1644276600,1644287533
R05ASE520,BB844,1644378076,1644378196
R05ASEP10,BB845,1644276600,1644290497
R05ASES09,BB845,1644361270,1644363000
R05ASEP06,BB846,1644276600,1644291211
R05ASES01,BB846,1644368916,1644369036
R05ASEP02,BB848,1644276600,1644297844
R05ASET10,BB848,1644404844,1644404964
R05ASE308,BB849,1644276600,1644280473
R05ASEW02,BB849,1644413039,1644413159
R06YZA103,BB850,1644276600,1644298007
R06YZA504,BB850,1644412767,1644412887
R05ASEP03,BB851,1644276600,1644329756
R05ASET06,BB851,1644393679,1644393799
R06ABDC08,BB852,1644404492,1644404612
R06MSEG04,BB852,1644250376,1644250376
R04ASDL01,BB853,1644388366,1644388486
R05ASEQ05,BB853,1644276600,1644306777
R05ASFB10,BB854,1644262422,1644262422
R05ASFE01,BB854,1644419131,1644419251
R05ABEK13,BB855,1644261814,1644261814
R06ABAK05,BB855,1644417127,1644417247
R05ASE301,BB856,1644276600,1644279882
R05ASE507,BB856,1644343328,1644363000
R05ASES07,BB857,1644358750,1644363000
R05ASEV01,BB857,1644276600,1644290930
R03GAA312,BB858,1644276600,1644297834
R05ABGB35,BB858,1644403029,1644403149
R06YZA102,BB859,1644276600,1644299213
R06YZA404,BB859,1644362652,1644363000
R05ASEP05,BB860,1644276600,1644303324
R05ASEW07,BB860,1644385234,1644385354
R05ABGB16,BB861,1644417857,1644417977
R06ABDJ06,BB861,1644265520,1644265520
R05ABF106,BB862,1644276600,1644282525
R05ABJM13,BB862,1644413736,1644413856
R05ASE420,BB863,1644276600,1644292339
R05ASES02,BB863,1644365696,1644365816
R05ASE521,BB864,1644358091,1644363000
R05ASEP11,BB864,1644276600,1644285684
R06ABDL12,BB865,1644421812,1644421932
R06MSEG01,BB865,1644253331,1644253331
R03GAA310,BB866,1644276600,1644297262
R05ABGB33,BB866,1644419436,1644419556
R05ABJK04,BB867,1644276600,1644279454
R05ASE422,BB868,1644261599,1644261599
R05ASES06,BB868,1644354981,1644363000
R05ABK517,BB869,1644250165,1644250165
R06ABBY09,BB869,1644418327,1644418447
R05ABEH01,BB870,1644259379,1644259379
R07ABA102,BB870,1644418740,1644418860
R05BWCE01,BB871,1644410613,1644410733
R05BWCE14,BB871,1644276600,1644284372
R05ASE416,BB872,1644276600,1644317549
R05ASET01,BB872,1644420482,1644420602
R05BWC401,BB873,1644264906,1644264906
R05BWC409,BB873,1644375667,1644375787
R05ABGB14,BB874,1644412899,1644413019
R05ABGB21,BB874,1644255007,1644255007
R05ASE305,BB875,1644276600,1644279763
R05ASEA01,BB875,1644397603,1644397723
R05ASE302,BB876,1644276600,1644281876
R05ASET03,BB876,1644412584,1644412704
R05BWD102,BB877,1644275011,1644275011
R05BWD109,BB877,1644417985,1644418105
R05ABHS04,BB878,1644258607,1644258607
R06YZA501,BB878,1644414830,1644414950
R06YZA402,BB879,1644380987,1644381107
R05ABFZ01,BB880,1644399707,1644399827
R04ABL207,BB881,1644258195,1644258195
R05ASFB12,BB882,1644259334,1644259334
R05ASFE17,BB882,1644414069,1644414189
R05ASAP01,BB883,1644276600,1644326316
R05ASAR05,BB883,1644326440,1644363000
R05ASAP08,BB884,1644276600,1644318659
R05ASAR06,BB884,1644318750,1644363000
R05ASEP07,BB885,1644276600,1644297932
R05ASEW05,BB885,1644380286,1644380406
R05ABHQ06,BB886,1644258876,1644258876
R06ABDC02,BB886,1644408602,1644408722
R04VEB112,BB887,1644252803,1644252803
R06ABDC07,BB887,1644415431,1644415551
R06ABBW04,BB888,1644420814,1644420934
R06MSC107,BB888,1644276600,1644277741
R06AWAM14,BB889,1644276600,1644297468
R06AWAM18,BB889,1644378883,1644379003
R06MSF203,BB890,1644276600,1644302146
R06MSER05,BB891,1644267245,1644267245
R06MSH803,BB891,1644357569,1644363000
R05ABHS03,BB892,1644251271,1644251271
R06YZA503,BB892,1644419913,1644420033
R05ASEP01,BB893,1644276600,1644298241
R05ASET07,BB893,1644404872,1644404992
R05ASAP11,BB894,1644276600,1644299618
R05ASAR01,BB894,1644299750,1644363000
R05ASE304,BB895,1644276600,1644290107
R05ASES04,BB895,1644373588,1644373708
R06YZA401,BB896,1644379909,1644380029
R05BWC308,BB897,1644419045,1644419165
R05BWC407,BB897,1644273572,1644273572
R05ASCX02,BB898,1644250774,1644250774
R06YZA406,BB898,1644413585,1644413705
R05ASAP09,BB899,1644252384,1644252384
R05ASAR11,BB899,1644389263,1644389383
R05ASCW06,BB900,1644407622,1644407742
R05ASCX04,BB900,1644266666,1644266666
R06ABD111,BB901,1644409595,1644409715
R06AWAM10,BB902,1644253590,1644253590
R06AWAM12,BB902,1644372516,1644372636
R05ASAQ05,BB903,1644273521,1644273521
R05ASAS10,BB903,1644417865,1644417985
R05ABHQ09,BB904,1644257977,1644257977
R06ABDC03,BB904,1644409882,1644410002
R06MSEY05,BB905,1644276600,1644304221
R03GAA307,BB906,1644276600,1644284714
R06YZA302,BB906,1644358208,1644363000
R05ASE306,BB907,1644276600,1644284400
R05ASE513,BB907,1644384957,1644385077
R05ABHQ05,BB908,1644266855,1644266855
R06ABDC01,BB908,1644410127,1644410247
R03GAA311,BB909,1644276600,1644282523
R06ABBY03,BB909,1644393066,1644393186
R05ABHS01,BB910,1644270104,1644270104
R05ASE418,BB911,1644267864,1644267864
R05ASE501,BB911,1644342020,1644363000
R05ASDF17,BB912,1644267061,1644267061
R05ASE506,BB912,1644337520,1644363000
R05ASE414,BB913,1644276600,1644306080
R05ASEX09,BB913,1644414975,1644415095
R05ASAQ11,BB914,1644258279,1644258279
R05ASAS06,BB914,1644400214,1644400334
R05ASAQ03,BB915,1644276600,1644341255
R05ASAR04,BB915,1644341394,1644363000
R05BWDS17,BB916,1644385445,1644385565
R06ABAU01,BB916,1644250277,1644250277
R05BWDS11,BB917,1644383232,1644383352
R06ABAU02,BB917,1644255326,1644255326
R05ASEP09,BB918,1644276600,1644336048
R05ASET04,BB918,1644411373,1644411493
R05ASE408,BB919,1644276600,1644292098
R05ASES10,BB919,1644356738,1644363000
R03GAA308,BB920,1644276600,1644279616
R06ABBW10,BB920,1644404487,1644404607
R05ASAQ08,BB921,1644276600,1644322230
R05ASAR07,BB921,1644322404,1644363000
R05BWDS01,BB923,1644257569,1644257569
R05BWDS04,BB923,1644416903,1644417023
R05ASAP05,BB924,1644264377,1644264377
R05ASAS01,BB924,1644411065,1644411185
R05ABF120,BB925,1644249914,1644249914
R05ABJM10,BB925,1644403675,1644403795
R05ASE516,BB926,1644352541,1644363000
R05ASEP04,BB926,1644276600,1644288790
R06AWAM03,BB929,1644276600,1644294430
R06AWAM08,BB929,1644400053,1644400173
R06ABDL07,BB930,1644420315,1644420435
R06MSBZ08,BB930,1644252027,1644252027
R05ASE303,BB931,1644276600,1644289883
R05ASE518,BB931,1644377171,1644377291
R06ABD105,BB932,1644391977,1644392097
R06YZA405,BB933,1644388329,1644388449
R05ASE423,BB938,1644266589,1644266589
R05ASET09,BB938,1644409654,1644409774
R04HQA103,BBA01,1644416238,1644416358
R06MSDP03,BBA01,1644254512,1644254512
R05HQD701,BBA02,1644276600,1644278175
R06BWC406,BBA02,1644385046,1644385166
R06BWA619,BBA03,1644253875,1644253875
R06BWC402,BBA03,1644418847,1644418967
R06MSG305,BBA04,1644261999,1644261999
R05HQCG01,BBA05,1644406097,1644406217
R06MSG104,BBA05,1644276600,1644316135
R06BWC413,BBA06,1644405114,1644405234
R06MSG604,BBA06,1644276600,1644333346
R05HQCG02,BBA07,1644403176,1644403296
R05HQD601,BBA07,1644273917,1644273917
R06BWC405,BBA08,1644410339,1644410459
R06BWA615,BBA09,1644276600,1644285373
R06BWC414,BBA09,1644403570,1644403690
R05LWAY02,BBA10,1644276600,1644300376
R05LWB101,BBA10,1644360893,1644363000
R05NIND01,BBA11,1644276600,1644311010
R05NINQ02,BBA11,1644402712,1644402832
R04HQA302,BBA12,1644250485,1644250485
R05HQCL03,BBA12,1644413342,1644413462
R05NINA01,BBA13,1644276600,1644300452
R05NINN01,BBA13,1644389741,1644389861
R06BWC412,BBA14,1644416038,1644416158
R06MSE801,BBA14,1644254170,1644254170
R05NIN702,BBA15,1644272539,1644272539
R05NINL02,BBA15,1644382409,1644382529
R04HQA304,BBA16,1644263079,1644263079
R05HQCL01,BBA16,1644419254,1644419374
R06MSEY06,BBA17,1644276600,1644313631
R06MSH105,BBA17,1644388377,1644388497
R04ASC801,BBA18,1644276600,1644350673
R05NINA02,BBA19,1644276600,1644280228
R05NINP02,BBA19,1644394899,1644395019
R05LWAY03,BBA20,1644261917,1644261917
R05LWAY01,BBA22,1644276600,1644298211
R06BWC404,BBA22,1644406592,1644406712
R06BWC420,BBA23,1644404708,1644404828
R06MSG505,BBA23,1644251269,1644251269
R06BWC421,BBA24,1644377654,1644377774
R06MSC109,BBA24,1644276600,1644284248
R05NIND03,BBA25,1644259992,1644259992
R05NINM02,BBA25,1644366266,1644366386
R06BWC425,BBA26,1644417410,1644417530
R06MSEG08,BBA27,1644276600,1644305146
R07MSB902,BBA27,1644418569,1644418689
R06MSG105,BBA28,1644276600,1644330073
R06BWC416,BBA29,1644420677,1644420797
R06MSG106,BBA29,1644276600,1644281712
R02HQAG04,BBA30,1644412805,1644412925
R05HQD702,BBA30,1644276600,1644291006
R05NIND02,BBA31,1644276600,1644329805
R05NINM01,BBA31,1644356433,1644363000
R06MSF701,BBB01,1644276600,1644342440
R06MSFP03,BBB01,1644345114,1644363000
R05YUA108,BBB02,1644262147,1644262147
R06YZAB12,BBB02,1644411779,1644411899
R03YZAI13,BBB03,1644276600,1644302395
R03YZAJ08,BBB03,1644302729,1644363000
R06ABDT04,BBB04,1644308053,1644363000
R05VED101,BBB05,1644403053,1644403173
R06MSFP01,BBB06,1644276600,1644331940
R06MSFT04,BBB06,1644332033,1644363000
R05AWBQ07,BBB07,1644399960,1644400080
R05AWCH03,BBB08,1644276600,1644280093
R06AWBF01,BBB08,1644386729,1644386849
R06MSJE06,BBB09,1644410507,1644410627
R04ABE910,BBB10,1644276600,1644319450
R07AWA301,BBB10,1644378873,1644378993
R05SSB425,BBB11,1644276600,1644380716
R05SSB506,BBB11,1644380831,1644380951
R04ABE912,BBB12,1644252722,1644252722
R06ABD804,BBB12,1644355739,1644363000
R06AWAZ01,BBB13,1644272552,1644272552
R06AWB403,BBB13,1644419582,1644419702
R06ABD803,BBB15,1644350207,1644363000
P46UKT104,BBB16,1644276600,1644383274
R06YZAB18,BBB16,1644417865,1644417985
R05CDAM03,BBB18,1644276600,1644350632
R05CDAN02,BBB18,1644350943,1644363000
R06AWAV02,BBB19,1644252219,1644252219
R06AWB401,BBB19,1644420126,1644420246
R04VGDL01,BBB20,1644249795,1644249795
R07AWA302,BBB20,1644417963,1644418083
R06AWBG04,BBB21,1644402240,1644402360
R06MSEU03,BBB22,1644276600,1644332035
R05SSB324,BBB23,1644276600,1644280022
R05SSB536,BBB23,1644412940,1644413060
R06ABD201,BBB24,1644405204,1644405324
R06ABD805,BBB25,1644372066,1644372186
R05SSB301,BBB26,1644258533,1644258533
R06YZAB17,BBB26,1644410232,1644410352
R06ABD202,BBB27,1644397938,1644398058
R04ABE911,BBB28,1644250078,1644250078
R06ABD205,BBB28,1644417416,1644417536
R03YZAB01,BBB30,1644276600,1644288726
R03YZAI10,BBB30,1644288873,1644363000
R06MSFJ03,BBB31,1644276600,1644323258
R06MSGA02,BBB31,1644323394,1644363000
R06MSC203,BBB32,1644276600,1644278540
R07MSAI06,BBB32,1644404916,1644405036
R06ABDU03,BBB33,1644370903,1644371023
R03YZAI06,BBB34,1644260295,1644260295
R03YZAJ14,BBB34,1644421727,1644421847
R06ABDU01,BBB35,1644345561,1644363000
R03AWD704,BBB36,1644393903,1644394023
R06AWAZ02,BBB36,1644252516,1644252516
R06MSE106,BBC01,1644276600,1644285614
R06MSHA01,BBC01,1644358362,1644363000
R06MSF306,BBC02,1644276600,1644303315
R06MSHA05,BBC02,1644387109,1644387229
R06MSEW03,BBC03,1644276600,1644316436
R06MSH901,BBC03,1644390779,1644390899
R06MSG506,BBC04,1644268058,1644268058
R06MSE706,BBC05,1644257899,1644257899
R06MSE707,BBC06,1644270855,1644270855
R06MSH804,BBC06,1644372266,1644372386
R05MSKM01,BBC07,1644253918,1644253918
R06MSF903,BBC07,1644351441,1644363000
R06MSBI03,BBC08,1644276600,1644303575
R05MSKK03,BBC09,1644276600,1644299393
R06MSEK03,BBC09,1644394080,1644394200
R05MSKJ02,BBC10,1644271878,1644271878
R06MSBK02,BBC10,1644334475,1644363000
R06MSEW05,BBC11,1644276600,1644322729
R06MSF204,BBC12,1644276600,1644316706
R06MSG307,BBC13,1644276600,1644297477
R06MSH505,BBC13,1644368925,1644369045
R06MSF206,BBC14,1644363762,1644363882
R06MSG503,BBC14,1644276600,1644283255
R05MSKI04,BBC15,1644250369,1644250369
R06MSFE02,BBC15,1644326076,1644363000
R07MSAM09,BBC16,1644389144,1644389264
R07MSAH04,BBC17,1644380800,1644380920
R06MSE404,BBC18,1644267837,1644267837
R07MSAB05,BBC19,1644389249,1644389369
R07MSAG08,BBC20,1644380522,1644380642
R07MSAB03,BBC21,1644381040,1644381160
R07MSAB04,BBC22,1644380912,1644381032
R07MSAH03,BBC23,1644380682,1644380802
R07MSAH08,BBC24,1644400442,1644400562
R07MSAG07,BBC25,1644380389,1644380509
R06MSAJ04,BBC27,1644276600,1644304057
R07MSAK02,BBC28,1644392847,1644392967
R07MSAL06,BBC29,1644388885,1644389005
R05MSKM03,BBC30,1644276600,1644306416
R07MSAH07,BBC31,1644399484,1644399604
R07MSAH05,BBC32,1644389991,1644390111
R07MSAH06,BBC33,1644390347,1644390467
R07MSAL07,BBC34,1644390759,1644390879
R07MSAK01,BBC35,1644393126,1644393246
R06MSAU01,BBC36,1644325586,1644363000
R06MSB803,BBC36,1644276600,1644325394
R06MSBB02,BBC37,1644276600,1644317992
R05MSKU02,BBC38,1644276600,1644348112
R06MSF901,BBC38,1644348179,1644363000
R07MSAK07,BBC39,1644399365,1644399485
R05MSKT01,BBC40,1644269588,1644269588
R06MSEK04,BBC40,1644361677,1644363000
R07MSAL08,BBC41,1644405678,1644405798
R07MSAR02,BBC42,1644409588,1644409708
R07MSAC04,BBC43,1644374168,1644374288
R07MSAK08,BBC44,1644409742,1644409862
R07MSAK03,BBC45,1644409917,1644410037
R05MSKU03,BBC46,1644276600,1644326788
R06MSFE01,BBC46,1644326936,1644363000
R07MSAC06,BBC47,1644405489,1644405609
R07MSAK04,BBC48,1644410310,1644410430
R06MSBF04,BBC49,1644353561,1644363000
R06MSBK03,BBC49,1644276600,1644290887
R07MSAQ09,BBC50,1644410319,1644410439
R07MSAN07,BBC51,1644410640,1644410760
R07MSAR01,BBC52,1644409418,1644409538
R06MSH201,BBC53,1644360352,1644363000
R06MSH501,BBC53,1644276600,1644285968
R06MSEW02,BBC54,1644276600,1644306734
R06MSH206,BBC54,1644381559,1644381679
R06MSER06,BBC55,1644269892,1644269892
R07MSAC07,BBC56,1644405372,1644405492
R07MSAR06,BBC57,1644410127,1644410247
R07MSAI04,BBC58,1644414157,1644414277
R06MSE403,BBC59,1644276600,1644291159
R06MSH704,BBC59,1644369165,1644369285
R06MSE703,BBC60,1644276600,1644284313
R06MSH203,BBC60,1644359064,1644363000
R06MSJ807,BBD01,1644276600,1644301410
R06MSJU03,BBD01,1644415135,1644415255
R05MSKK04,BBD02,1644276600,1644284252
R06MSAQ03,BBD02,1644370293,1644370413
R06MSJ202,BBD03,1644276600,1644309019
R07MSC101,BBD03,1644414829,1644414949
R06ABAR09,BBD09,1644390261,1644390381
R06MSEG07,BBD09,1644274697,1644274697
R06ABAF07,BBD10,1644276600,1644286063
R06ABAS08,BBD10,1644404901,1644405021
R06ABDG08,BBD11,1644268986,1644268986
R06ABDL01,BBD11,1644415967,1644416087
R05MSKI03,BBD12,1644269185,1644269185
R06MSBB01,BBD12,1644380523,1644380643
R06ABAR12,BBD13,1644376369,1644376489
R06ABDL14,BBD14,1644385643,1644385763
R06ABDG05,BBD15,1644261828,1644261828
R06ABDL09,BBD15,1644391805,1644391925
R06ABDK05,BBD16,1644380629,1644380749
R06MSBS09,BBD16,1644273043,1644273043
R05MSKJ04,BBD17,1644257550,1644257550
R05NVD603,BBD17,1644422331,1644422451
R05MSKQ03,BBD20,1644276600,1644327116
R06MSBK01,BBD20,1644327344,1644363000
R05MSKJ03,BBD21,1644271339,1644271339
R06MSF902,BBD21,1644346547,1644363000
R06ABDI01,BBD22,1644378824,1644378944
R06MSBN07,BBD22,1644276600,1644299698
R06BWC422,BBD23,1644385057,1644385177
R06MSBZ09,BBD23,1644276600,1644288034
R06MSJ506,BBD24,1644276600,1644294996
R06MSJX05,BBD24,1644400948,1644401068
R06MSJ602,BBD35,1644276600,1644296350
R06MSJX06,BBD35,1644392982,1644393102
R06ABAK03,BBD36,1644410284,1644410404
R06MSEG06,BBD37,1644276600,1644287314
R07MSAI08,BBD37,1644412544,1644412664
R06MSBX05,BBD38,1644276600,1644294551
R07MSAG06,BBD38,1644364382,1644364502
R06ABAF03,BBD39,1644255392,1644255392
R06ABAR08,BBD39,1644387352,1644387472
R06MSBE03,BBD40,1644276600,1644337797
R06ABAH11,BBD41,1644276600,1644284888
R06ABAR07,BBD41,1644383377,1644383497
R06ABAF11,BBD42,1644276600,1644283359
R06ABAR03,BBD42,1644385415,1644385535
R05ABEM01,BBD43,1644413856,1644413976
R06MSBN08,BBD43,1644270477,1644270477
R06ABDI07,BBD44,1644414092,1644414212
R06MSBX08,BBD44,1644276600,1644287411
R06ABDK08,BBD48,1644388790,1644388910
R06MSDS01,BBD48,1644266247,1644266247
R05ABGM03,BBD49,1644253885,1644253885
R06ABDL03,BBD49,1644386046,1644386166
R05ABGM16,BBD50,1644272462,1644272462
R06ABDK07,BBD50,1644392252,1644392372
R06MSAJ03,BBD51,1644276600,1644338491
R06MSFE03,BBD51,1644338607,1644363000
R06ABDK11,BBD52,1644374823,1644374943
R06MSBX07,BBD52,1644270233,1644270233
R05BWCE04,BBD53,1644276600,1644292971
R05BWCE08,BBD53,1644352123,1644363000
R05NVD113,BBD54,1644393454,1644393574
R06MSEC03,BBD54,1644276600,1644326824
R06ABDG06,BBD55,1644276600,1644290594
R06ABDL13,BBD55,1644407774,1644407894
R06ABDK16,BBD56,1644386893,1644387013
R06ABDJ09,BBD57,1644270566,1644270566
R06ABDK03,BBD57,1644372755,1644372875
R05NVD119,BBD58,1644408210,1644408330
R06MSDF03,BBD58,1644250719,1644250719
R06ABAH03,BBD59,1644276600,1644281871
R06ABAS05,BBD59,1644420363,1644420483
R06ABAS07,BBD60,1644402451,1644402571
R06MSEC01,BBD60,1644276600,1644310291
R05BWC901,BBD61,1644369741,1644369861
R06MSEG03,BBD61,1644276600,1644301916
R06ABAH01,BBD62,1644276600,1644282585
R06ABAS06,BBD62,1644421318,1644421438
R05BWC905,BBD63,1644374451,1644374571
R06MSDM03,BBD63,1644276600,1644284762
R05MSL802,BBD64,1644276600,1644329086
R05NVD604,BBD64,1644421459,1644421579
R06MSJ903,BBD65,1644276600,1644294795
R06MSJU04,BBD65,1644409400,1644409520
R06BWC409,BBD66,1644383003,1644383123
R06MSC201,BBD66,1644276600,1644283798
R06MSEG05,BBD67,1644276600,1644289378
R07MSB403,BBD67,1644416562,1644416682
R06ABBI06,BBD81,1644390158,1644390278
R06MSDF05,BBD81,1644256765,1644256765
R06MSFN01,BBH08,1644276600,1644333980
R06MSGA04,BBH08,1644334088,1644363000
R06MSFI05,BBH09,1644272263,1644272263
R06MSG901,BBH09,1644397687,1644397807
R06MSF704,BBH10,1644276600,1644306461
R06MSGG04,BBH10,1644411544,1644411664
R06MSAQ01,BBH11,1644313431,1644363000
R06MSBC02,BBH11,1644276600,1644313367
R04OKB213,BBH12,1644276600,1644290857
R05OKD101,BBH12,1644360074,1644363000
R06MSJ905,BBH13,1644276600,1644300962
R06MSJF04,BBH13,1644355497,1644363000
R06MSBH03,BBH14,1644276600,1644303454
R04RKB405,BBH15,1644273549,1644273549
R06MSEK01,BBH15,1644355905,1644363000
R06ABBM12,BBH16,1644355218,1644363000
R06AWAP01,BBH17,1644276600,1644312818
R06AWAR12,BBH17,1644397973,1644398093
R06MSF505,BBH18,1644251874,1644251874
R06MSGE03,BBH18,1644387600,1644387720
R04OKB212,BBH19,1644258839,1644258839
R05OKD105,BBH19,1644419099,1644419219
R05MSEW01,BBH20,1644256480,1644256480
R06MSFF01,BBH20,1644256820,1644363000
R05MSKW04,BBH21,1644257089,1644257089
R06MSEL01,BBH21,1644352947,1644363000
R06MSC207,BBH22,1644276600,1644290138
R07MSAE08,BBH22,1644375989,1644376109
R05ABDZ09,BBH23,1644271688,1644271688
R06MSC204,BBH24,1644274279,1644274279
R07MSAP06,BBH24,1644376246,1644376366
R06ABBP04,BBH25,1644276600,1644293522
R06AWAP09,BBH26,1644274518,1644274518
R06AWAR01,BBH26,1644403724,1644403844
R05OKC208,BBH27,1644257905,1644257905
R05OKD114,BBH27,1644410422,1644410542
R06MSFG01,BBH28,1644276600,1644312370
R06MSFT02,BBH28,1644312482,1644363000
R06MSF603,BBH29,1644276600,1644353146
R06MSGF04,BBH29,1644376768,1644376888
R06MSC206,BBH30,1644276600,1644281997
R07MSAM07,BBH30,1644390527,1644390647
R06MSBN09,BBH31,1644259792,1644259792
R07MSAF05,BBH31,1644409628,1644409748
R05MSJW04,BBH32,1644276600,1644279302
R06MSFD01,BBH32,1644337955,1644363000
R06MSEH03,BBH33,1644276600,1644300011
R07MSAP03,BBH33,1644376484,1644376604
R05MSKW02,BBH34,1644276600,1644308268
R06MSFB03,BBH34,1644308344,1644363000
R06MSED03,BBH35,1644276600,1644299890
R07MSAE07,BBH35,1644374717,1644374837
R06MSBQ02,BBH36,1644268495,1644268495
R07MSAQ07,BBH36,1644405454,1644405574
R05MSL302,BBH37,1644276600,1644324965
R06MSB702,BBH37,1644325860,1644363000
R06MSJ501,BBH38,1644259097,1644259097
R07MSA202,BBH38,1644359627,1644363000
R06MSJ808,BBH39,1644274907,1644274907
R06MSJF02,BBH39,1644362554,1644363000
R05MSEW02,BBH40,1644268783,1644268783
R06MSG902,BBH40,1644405157,1644405277
R06MSFF02,BBH41,1644276600,1644359727
R06MSGM02,BBH41,1644405677,1644405797
R04OKB215,BBH42,1644251854,1644251854
R05OKD102,BBH42,1644390193,1644390313
R06MSF605,BBH43,1644276600,1644326933
R06MSFR02,BBH43,1644339531,1644363000
R06MSJA03,BBH44,1644276600,1644326395
R06MSJW01,BBH44,1644364988,1644365108
R04RKAN02,BBH45,1644251800,1644251800
R06MSF601,BBH46,1644266139,1644266139
R06MSF703,BBH46,1644360445,1644363000
R06MSJ806,BBH47,1644276600,1644288495
R06MSJW05,BBH47,1644372841,1644372961
R06MSDQ01,BBH48,1644276600,1644288419
R07MSAN04,BBH48,1644375093,1644375213
R04OKB214,BBH49,1644257949,1644257949
R05OKD110,BBH49,1644404368,1644404488
R06MSJ805,BBH50,1644276600,1644287998
R06MSJE05,BBH50,1644402678,1644402798
R06MSJA02,BBH51,1644276600,1644321847
R07MSAL04,BBH52,1644374949,1644375069
R06MSF602,BBH53,1644276600,1644382632
R06MSFT01,BBH53,1644382763,1644382883
R04RKAV03,BBH54,1644250755,1644250755
R04RKB202,BBH55,1644276600,1644324337
R06MSJ203,BBH56,1644273784,1644273784
R06MSJL03,BBH56,1644377938,1644378058
R07MSAF09,BBH57,1644388234,1644388354
R05MSFJ06,BBH58,1644252813,1644252813
R06MSJL01,BBH58,1644352193,1644363000
R06MSA301,BBH59,1644271977,1644271977
R06MSJ904,BBH60,1644276600,1644343272
R06MSJH07,BBH60,1644343362,1644363000
R05MSAK04,BBH61,1644271178,1644271178
R06MSFS05,BBH61,1644392566,1644392686
R05MSF903,BBH62,1644256021,1644256021
R06MSFR03,BBH62,1644386404,1644386524
R05OKC211,BBH63,1644276600,1644289515
R05OKD111,BBH63,1644414116,1644414236
R06MSJ902,BBH64,1644276600,1644330334
R07MSAS07,BBH65,1644403318,1644403438
R06MSB303,BBH66,1644276600,1644344746
R06MSEI01,BBH66,1644344971,1644363000
R06MSH606,BBH67,1644361625,1644363000
R05ABCM01,BBH68,1644276600,1644282967
R05ABDZ06,BBH69,1644255279,1644255279
R05MSHK01,BBH70,1644276600,1644287656
R07MSAN05,BBH70,1644403150,1644403270
R05ABDZ12,BBH96,1644369041,1644369161
R06MSJ505,BBH96,1644276600,1644322056
R06MSJV07,BBH97,1644333250,1644363000
R06MSA503,BBH98,1644265616,1644265616
R06MSF601,BBH98,1644266139,1644363000
R06MSJA07,BBH99,1644276600,1644304332
R06MSJX03,BBH99,1644384915,1644385035
R05HQCG03,BBJ01,1644410315,1644410435
R05HQD801,BBJ01,1644276600,1644289003
R05ASFB17,BBJ02,1644253810,1644253810
R05ASFF14,BBJ02,1644415285,1644415405
R06MSJ901,BBK27,1644276600,1644300801
R06MSJW06,BBK27,1644386826,1644386946
R06MSF504,BBK28,1644276600,1644356331
R06MSFJ04,BBK28,1644356430,1644363000
R05OKC210,BBK29,1644267598,1644267598
R05OKD115,BBK29,1644418006,1644418126
R06MSE702,BBK30,1644276600,1644285974
R06MSHA04,BBK30,1644377986,1644378106
R06MSEZ07,BBK31,1644276600,1644313087
R06MSH906,BBK31,1644389068,1644389188
R06MSG605,BBK32,1644276600,1644303614
R06MSHB02,BBK32,1644389242,1644389362
R06MSE906,BBK33,1644271194,1644271194
R07MSAB06,BBK33,1644403145,1644403265
R06MSE705,BBK34,1644267236,1644267236
R06MSF207,BBK34,1644342765,1644363000
R06MSE405,BBK35,1644267466,1644267466
R06MSH807,BBK35,1644349020,1644363000
R06MSE407,BBK36,1644276600,1644277336
R06MSH103,BBK36,1644368439,1644368559
R06MSEY02,BBK37,1644276600,1644303044
R06MSE704,BBK38,1644262021,1644262021
R05MSKM02,BBK39,1644276600,1644313293
R05MSKM04,BBK40,1644276600,1644289532
R06MSAR02,BBK40,1644388876,1644388996
R06MSE402,BBK41,1644271685,1644271685
R06MSF303,BBK41,1644349239,1644363000
R06MSEW06,BBK42,1644276600,1644323632
R06MSG103,BBK43,1644276600,1644331727
R06MSH401,BBK43,1644331786,1644363000
R06MSEW04,BBK44,1644276600,1644324259
R07MSAL09,BBK45,1644411326,1644411446
R06MSC105,BBK46,1644267033,1644267033
R07MSAP01,BBK46,1644357950,1644363000
R07MSAN08,BBK47,1644410922,1644411042
R06MSBS05,BBK48,1644257986,1644257986
R07MSAC08,BBK48,1644414805,1644414925
R07MSAC09,BBK49,1644415698,1644415818
R06ABAF05,BBL01,1644252550,1644252550
R06ABAR06,BBL01,1644387165,1644387285
R06MSJA08,BBL02,1644262831,1644262831
R07MSC202,BBL02,1644417340,1644417460
R06ABDH12,BBL03,1644276600,1644300946
R06ABDK09,BBL03,1644376848,1644376968
R06ABAF10,BBL04,1644276600,1644288864
R06ABAR04,BBL04,1644402695,1644402815
R06ABDG07,BBL05,1644269862,1644269862
R06ABDI08,BBL05,1644416407,1644416527
R06ABBI03,BBL16,1644254018,1644254018
R06ABE501,BBL16,1644419258,1644419378
R06ABAF08,BBL17,1644276600,1644296149
R06ABAR01,BBL17,1644397060,1644397180
R05BWCE07,BBL18,1644276600,1644299859
R05BWCE15,BBL18,1644378594,1644378714
R06ABDK14,BBL19,1644380745,1644380865
R06MSBX09,BBL19,1644270804,1644270804
R06ABBI05,BBL20,1644276600,1644287612
R06ABDS01,BBL20,1644388554,1644388674
R06MSC108,BBL21,1644276600,1644292530
R07MSAH09,BBL21,1644421067,1644421187
R06ABAF06,BBL22,1644276600,1644290004
R06ABAS09,BBL22,1644415744,1644415864
R05MSHK06,BBM01,1644254736,1644254736
R07MSAL05,BBM01,1644375316,1644375436
R07MSAE06,BBM02,1644356921,1644363000
R06MSBS02,BBM03,1644276600,1644290684
R07MSAI05,BBM03,1644388157,1644388277
R06MSBS08,BBM04,1644268352,1644268352
R06MSDF06,BBM05,1644276600,1644295310
R06MSDQ02,BBM07,1644272118,1644272118
R04HQBA12,BBR01,1644401878,1644401998
R05HQCD07,BBR01,1644274846,1644274846
R05NIJ412,BBR02,1644258761,1644258761
R05NIJU09,BBR02,1644408113,1644408233
R05NVDL47,BBR03,1644264930,1644264930
R05ABF116,BBR04,1644276600,1644278974
R05ABJM18,BBR04,1644405636,1644405756
R03NVBL02,BBR05,1644269492,1644269492
R05NVD442,BBR05,1644390755,1644390875
R05NVD907,BBR06,1644400253,1644400373
R05NVDL57,BBR06,1644254724,1644254724
R05NIJA02,BBR07,1644271537,1644271537
R05NIJU06,BBR07,1644419754,1644419874
R05NVDA39,BBR08,1644400013,1644400133
R05NVDL02,BBR08,1644262559,1644262559
R05NVD416,BBR09,1644389154,1644389274
R05NVDT16,BBR09,1644276600,1644284510
R06ABDK02,BBR10,1644389404,1644389524
R05NVD948,BBR11,1644412480,1644412600
R05NVDL28,BBR11,1644270315,1644270315
R05NVD408,BBR12,1644361631,1644363000
R05NVDJ59,BBR12,1644252858,1644252858
R06ABDK06,BBR13,1644416487,1644416607
R05NVD434,BBR14,1644371307,1644371427
R05NVDT15,BBR14,1644276600,1644281413
R05NVD612,BBR15,1644394399,1644394519
R05NVDL57B,BBR15,1644251490,1644251490
R07MSAF06,BBR22,1644357711,1644363000
R05SSB332,BBR24,1644276600,1644416502
R05SSB508,BBR24,1644416729,1644416849
R06ABBP10,BBR25,1644404713,1644404833
R05MSL203,BBR26,1644276600,1644326154
R06MSAP01,BBR26,1644327221,1644363000
R06MSB501,BBR27,1644357226,1644363000
R06MSBG02,BBR27,1644276600,1644357104
R06ABBM14,BBR28,1644385103,1644385223
R06MSDQ03,BBR29,1644272886,1644272886
R07MSAB07,BBR29,1644413793,1644413913
R05NVDS28,BBR30,1644276600,1644344181
R05NVDT29,BBR30,1644346572,1644363000
R05NVDS34,BBR32,1644415802,1644415922
R05NVDS09,BBR33,1644276600,1644382419
R05NVDU08,BBR33,1644394196,1644394316
R05NVDS17,BBR34,1644403708,1644403828
R05NVDU13,BBR34,1644276600,1644301463
R05MSL501,BBR35,1644276600,1644345263
R06MSB602,BBR35,1644345370,1644363000
R06MSB601,BBR36,1644276600,1644360676
R06MSFD03,BBR36,1644360881,1644363000
R06ABBM11,BBR37,1644381434,1644381554
R05LWAV01,BBR38,1644276600,1644316646
R05LWAZ03,BBR38,1644316784,1644363000
R04RKAV03,BBR39,1644250755,1644363000
R05LWAU03,BBR40,1644276600,1644278554
R07LWA401,BBR40,1644416093,1644416213
R06MSAN02,BBR41,1644366585,1644366705
R06MSB401,BBR41,1644272978,1644272978
R05SSB330,BBR42,1644276600,1644299225
R05SSB235,BBR43,1644276600,1644281176
R06ABBP11,BBR44,1644359031,1644363000
R05MSKW03,BBR45,1644276600,1644282317
R05SSB233,BBR46,1644276600,1644281846
R05SSB326,BBR46,1644340692,1644363000
R05LWAS03,BBR47,1644273951,1644273951
R07LWD301,BBR47,1644415262,1644415382
R06MSBS07,BBR48,1644276600,1644286674
R07MSAE05,BBR48,1644359549,1644363000
R05SSB321,BBR49,1644276600,1644317241
R05SSB507,BBR49,1644317319,1644363000
R05SSB237,BBR50,1644271365,1644271365
R05SSB509,BBR50,1644420937,1644421057
R05NVDL11,BBR51,1644266790,1644266790
R05NVDK28,BBR52,1644265195,1644265195
R06MSBA03,BBR52,1644370147,1644370267
R05NVDL10,BBR53,1644260583,1644260583
R07MSBE01,BBR53,1644409845,1644409965
R05NVDL19,BBR54,1644266566,1644266566
R07MSBI01,BBR54,1644375219,1644375339
R06MSAZ01,BBR55,1644276600,1644304817
R06MSB701,BBR55,1644308753,1644363000
R06ABBP03,BBR57,1644394700,1644394820
R05LWAS02,BBR58,1644276600,1644277322
R05LWB102,BBR58,1644362171,1644363000
R05NVDL31,BBR59,1644274293,1644274293
R06ABBM09,BBR59,1644330928,1644363000
R05NVDL14,BBR60,1644268020,1644268020
R06ABBP09,BBR60,1644371277,1644371397
R05MSKW01,BBR61,1644265087,1644265087
R06MSAN04,BBR61,1644358205,1644363000
R06MSB102,BBR62,1644275351,1644275351
R06MSB902,BBR62,1644371534,1644371654
R05NVDL13,BBR63,1644267504,1644267504
R06MSJ103,BBR63,1644384298,1644384418
R06ABBM27,BBR64,1644401787,1644401907
R05NVDL27,BBR65,1644263196,1644263196
R06MSFB01,BBR65,1644388586,1644388706
R05NVDL15,BBR66,1644266520,1644266520
R07MSBH02,BBR66,1644400395,1644400515
R05MSL202,BBR67,1644276600,1644306796
R06MSEI03,BBR67,1644308875,1644363000
R05NVDK31,BBR68,1644276374,1644276374
R06ABBM07,BBR68,1644325830,1644363000
R05NVDK29,BBR69,1644251538,1644251538
R06MSDK02,BBR70,1644276600,1644311916
R07MSAR03,BBR70,1644421628,1644421748
R05NVDL05,BBR72,1644267651,1644267651
R05NVDM35,BBR72,1644356848,1644363000
R05NVDJ52,BBR73,1644276600,1644279658
R05NVDK23,BBR74,1644258141,1644258141
R05NVDK36,BBR75,1644260065,1644260065
R07MSBH01,BBR75,1644413022,1644413142
R05NVDK40,BBR76,1644275784,1644275784
R05MSHK07,BBR78,1644276600,1644388159
R07MSAF08,BBR78,1644391977,1644392097
R05MSL303,BBR79,1644276600,1644329280
R06MSBA02,BBR79,1644362349,1644363000
R06MSAZ02,BBR81,1644276600,1644350092
R06MSFC02,BBR81,1644361243,1644363000
R06MSBY05,BBR82,1644276600,1644294164
R07MSAQ06,BBR82,1644385515,1644385635
R05MSL301,BBR83,1644276600,1644334037
R06MSB302,BBR83,1644337616,1644363000
R05NVDL03,BBR84,1644266061,1644266061
R05NVDK41,BBR85,1644250066,1644250066
R05NVDJ33,BBR86,1644276600,1644313577
R06MSEG09,BBR87,1644276600,1644306482
R07MSAQ05,BBR87,1644393299,1644393419
R05NVDK33,BBR88,1644259242,1644259242
R06MSFB02,BBR88,1644410680,1644410800
R06MSC205,BBR90,1644276600,1644357353
R07MSAN03,BBR90,1644376616,1644376736
R05HQCE07,BBR91,1644399328,1644399448
R05HQCN07,BBR91,1644273840,1644273840
R05HQCN02,BBR92,1644264209,1644264209
R05NVD429,BBR92,1644422268,1644422388
R05NVD606,BBR93,1644390602,1644390722
R05NVDL12,BBR93,1644268033,1644268033
R06MSEC02,BBR94,1644276600,1644291974
R07MSAC03,BBR94,1644371546,1644371666
R04HQB315,BBR95,1644274563,1644274563
R05HQCE03,BBR95,1644409032,1644409152
R04HQB811,BBR96,1644252456,1644252456
R05HQCP15,BBR96,1644400628,1644400748
R06ABDL04,BBR97,1644419670,1644419790
R06MSC106,BBR97,1644254288,1644254288
R06ABDL06,BBR98,1644396859,1644396979
R06MSC202,BBR98,1644276600,1644278450
R04HQB401,BBR99,1644273938,1644273938
R05HQCF14,BBR99,1644415341,1644415461
R04HQB407,BBRA1,1644258277,1644258277
R05HQCE05,BBRA1,1644409513,1644409633
R05NIJG06,BBRA2,1644395136,1644395256
R06MSDS02,BBRA2,1644253504,1644253504
R04HQB402,BBRA3,1644276600,1644278154
R05HQCE11,BBRA3,1644404257,1644404377
R05HQCN06,BBRA4,1644272611,1644272611
R05HQCF13,BBRA5,1644412086,1644412206
R05HQCN05,BBRA5,1644265637,1644265637
R04HQBA11,BBRA6,1644401420,1644401540
R05HQCD03,BBRA6,1644267891,1644267891
R04HQB414,BBRA7,1644276600,1644287640
R05HQCF03,BBRA7,1644421954,1644422074
R04HQB415,BBRA8,1644265994,1644265994
R05HQCE13,BBRA8,1644391899,1644392019
R05NIJG07,BBRA9,1644409960,1644410080
R06MSDF04,BBRA9,1644254615,1644254615
R04HQBA13,BBRB1,1644393362,1644393482
R05HQCD06,BBRB1,1644250902,1644250902
R06ABDK13,BBRB2,1644381563,1644381683
R06MSBX06,BBRB2,1644276600,1644285557
R05ABF112,BBRB3,1644254456,1644254456
R05ABJM11,BBRB3,1644420325,1644420445
R05HQCF16,BBRB4,1644420466,1644420586
R05HQCN03,BBRB4,1644268742,1644268742
R04HQB409,BBRB5,1644269002,1644269002
R05HQCE01,BBRB5,1644411460,1644411580
R05NIJU02,BBRB6,1644414758,1644414878
R06MSG303,BBRB6,1644267231,1644267231
R05ABJL05,BBRB7,1644272957,1644272957
R06ABD102,BBRB7,1644417676,1644417796
R05NIJN08,BBRB8,1644395211,1644395331
R06MSBZ07,BBRB8,1644267565,1644267565
R06ABDL10,BBRB9,1644405539,1644405659
R04HQBA15,BBRC1,1644412915,1644413035
R05HQCD04,BBRC1,1644255484,1644255484
R05HQDC06,BBRC2,1644405241,1644405361
R05NVD937,BBRC3,1644382356,1644382476
R05HQCF15,BBRC4,1644416486,1644416606
R05HQCN01,BBRC4,1644273385,1644273385
R05NVD930,BBRC5,1644403733,1644403853
R04HQB809,BBRC6,1644265652,1644265652
R05NVD406,BBRC6,1644419786,1644419906
R05HQDC11,BBRC7,1644413180,1644413300
R05NIJN05,BBRC8,1644386042,1644386162
R06MSBN06,BBRC8,1644268247,1644268247
R05HQCE10,BBRC9,1644406099,1644406219
R05HQCN04,BBRC9,1644276600,1644283026
R05ABJL03,BBRD1,1644275987,1644275987
R06ABD101,BBRD1,1644406019,1644406139
R05ABJL01,BBRD2,1644275814,1644275814
R06ABD109,BBRD2,1644405970,1644406090
R05NVDA27,BBRD3,1644402614,1644402734
R05NVD949,BBRD4,1644413968,1644414088
R04HQB316,BBRD5,1644267128,1644267128
R05HQCE06,BBRD5,1644408601,1644408721
R06ABDL02,BBRD6,1644396068,1644396188
R04HQB410,BBRD7,1644259864,1644259864
R05HQCE09,BBRD7,1644401980,1644402100
R04HQB411,BBRD8,1644270725,1644270725
R05HQCE02,BBRD8,1644405892,1644406012
R05NVD425,BBRD9,1644420709,1644420829
R05NVDU04,BBRD9,1644276600,1644283868
R05NVD433,BBRF1,1644407504,1644407624
R05NVDS10,BBRF1,1644276600,1644288704
R05ABF107,BBRF2,1644258367,1644258367
R05ABJM20,BBRF2,1644415985,1644416105
R05NVD405,BBRF3,1644352324,1644363000
R05NVDL01,BBRF3,1644269005,1644269005
R05NVD414,BBRF4,1644400310,1644400430
R05NVDL39,BBRF4,1644267724,1644267724
R05ABF108,BBRF5,1644252179,1644252179
R05ABJM03,BBRF5,1644414428,1644414548
R05NINB02,BBS01,1644276600,1644329640
R05NINK02,BBS01,1644342828,1644363000
R05NINB01,BBS02,1644276600,1644320850
R05NINQ01,BBS02,1644411815,1644411935
R05NIN801,BBS03,1644276600,1644291301
R05NINP01,BBS03,1644392770,1644392890
R05NIN901,BBS04,1644276600,1644296954
R05NINN02,BBS04,1644383678,1644383798
R05ABAY05,BBS05,1644269665,1644269665
R05VGEC07,BBS05,1644390556,1644390676
R05NINC02,BBS06,1644276600,1644328440
R05NINL01,BBS06,1644352245,1644363000
R05VGEC02,BBS07,1644403914,1644404034
R05VGEC04,BBS07,1644276600,1644301293
R05NIN902,BBS08,1644276600,1644284813
R05NINR02,BBS08,1644407554,1644407674
R05ABAY06,BBS09,1644270387,1644270387
R05VGEC10,BBS09,1644387733,1644387853
R05NINC01,BBS10,1644276600,1644324158
R05NINJ02,BBS10,1644325435,1644363000
R06MSEV05,BBU01,1644276600,1644304781
R05AWA114,BBU02,1644276600,1644277579
R05AWBQ34,BBU02,1644409812,1644409932
R05AWA131,BBU03,1644276600,1644277723
R05AWBP31,BBU03,1644389370,1644389490
R05AWA133,BBU04,1644272239,1644272239
R05AWBQ44,BBU04,1644403888,1644404008
R04AWDA09,BBU05,1644257350,1644257350
R05AWBQ32,BBU05,1644398236,1644398356
R05AWA138,BBU06,1644276600,1644277375
R05AWBQ19,BBU06,1644411238,1644411358
R05AWA113,BBU07,1644256980,1644256980
R05AWBQ39,BBU07,1644404705,1644404825
R05AWA134,BBU08,1644272728,1644272728
R05AWBQ46,BBU08,1644411556,1644411676
R05AWA144,BBU09,1644276600,1644285229
R05AWBP40,BBU09,1644388674,1644388794
R04AWCJ01,BBU10,1644276600,1644277931
R05AWBR36,BBU10,1644421456,1644421576
R04AWDA23,BBU11,1644276600,1644280692
R05AWBQ40,BBU11,1644408549,1644408669
R06MSE102,BBU12,1644255648,1644255648
R06MSJ101,BBU12,1644337623,1644363000
R04AWCJ47,BBU13,1644258857,1644258857
R05AWBR47,BBU13,1644407868,1644407988
R05MSKY03,BBU14,1644258275,1644258275
R06MSEI02,BBU14,1644360316,1644363000
R05AWA111,BBU15,1644255432,1644255432
R05AWBQ22,BBU15,1644416580,1644416700
R05AWA127,BBU16,1644276600,1644296564
R05AWBQ30,BBU16,1644404180,1644404300
R06MSJ201,BBU17,1644276600,1644304980
R06MSJE04,BBU17,1644375841,1644375961
R04AWCJ35,BBU18,1644255114,1644255114
R05AWBQ13,BBU18,1644411773,1644411893
R04AWDA17,BBU19,1644250643,1644250643
R05AWBP44,BBU19,1644416901,1644417021
R04AWCV44,BBU20,1644275146,1644275146
R05AWBR45,BBU20,1644410079,1644410199
R05AWA132,BBU21,1644276600,1644301358
R05AWBH34,BBU21,1644335251,1644363000
R05AWA125,BBU22,1644265696,1644265696
R05AWBR06,BBU22,1644410393,1644410513
R05AWA120,BBU23,1644271131,1644271131
R05AWBP36,BBU23,1644410857,1644410977
R06MSG306,BBU24,1644276600,1644293800
R06MSJ102,BBU24,1644335757,1644363000
R04AWDA15,BBU25,1644256132,1644256132
R05AWBP47,BBU25,1644387202,1644387322
R05AWA118,BBU26,1644262126,1644262126
R05AWBR44,BBU26,1644412434,1644412554
R06MSE103,BBU27,1644254507,1644254507
R06MSES01,BBU28,1644272788,1644272788
R06MSH406,BBU28,1644365219,1644365339
R05AWA103,BBU29,1644276600,1644279274
R05AWBS14,BBU29,1644422002,1644422122
R05AWA110,BBU30,1644276600,1644279053
R05AWBP34,BBU30,1644380097,1644380217
R04AWDA33,BBU31,1644264503,1644264503
R05AWBK41,BBU31,1644370248,1644370368
R05AWA408,BBU32,1644276600,1644278794
R05AWBQ25,BBU32,1644400590,1644400710
R04AWDA30,BBU33,1644254742,1644254742
R05AWBQ26,BBU33,1644401391,1644401511
R04AWDA07,BBU34,1644250232,1644250232
R05AWBP43,BBU34,1644412715,1644412835
R04AWDA18,BBU35,1644259964,1644259964
R05AWBP39,BBU35,1644413279,1644413399
R06MSJ801,BBU36,1644267065,1644267065
R06MSJG05,BBU36,1644300295,1644363000
R06MSJA06,BBU37,1644276600,1644310330
R06MSJX04,BBU37,1644377336,1644377456
R05AWA107,BBU38,1644276600,1644277295
R05AWBQ01,BBU38,1644402998,1644403118
R04RKAJ01,BBU39,1644276600,1644329704
R05AWBH21,BBU39,1644381413,1644381533
R04RKB404,BBU40,1644253119,1644253119
R05AWBH35,BBU40,1644368223,1644368343
R05AWA141,BBU41,1644276600,1644300392
R05AWBQ10,BBU41,1644412868,1644412988
R04AWDA45,BBU42,1644276600,1644300550
R05AWBQ37,BBU42,1644396004,1644396124
R04AWCJ42,BBU43,1644276600,1644277508
R05AWBQ20,BBU43,1644392771,1644392891
R05AWA142,BBU44,1644275205,1644275205
R05AWBQ41,BBU44,1644415697,1644415817
R06MSJ906,BBU45,1644276600,1644321145
R06MSJV05,BBU45,1644415179,1644415299
R04AWDA04,BBU46,1644256720,1644256720
R05AWBQ15,BBU46,1644393371,1644393491
R06MSJ705,BBU47,1644276600,1644337787
R06MSJU02,BBU47,1644405757,1644405877
R06MSG102,BBU48,1644276600,1644302282
R06MSJ104,BBU48,1644353106,1644363000
R04AWDA34,BBU49,1644264042,1644264042
R05AWBQ02,BBU49,1644420065,1644420185
R05AWA146,BBU50,1644276600,1644280589
R05AWBQ04,BBU50,1644386197,1644386317
R04AWDA28,BBU51,1644254696,1644254696
R05AWBQ08,BBU51,1644400326,1644400446
R05AWA135,BBU52,1644272437,1644272437
R05AWBQ11,BBU52,1644414599,1644414719
R04AWDA35,BBU53,1644258185,1644258185
R05AWBQ06,BBU53,1644396886,1644397006
R04AWDA40,BBU54,1644258088,1644258088
R05AWBQ29,BBU54,1644392455,1644392575
R05AWA129,BBU55,1644276600,1644280734
R05AWBQ03,BBU55,1644400513,1644400633
R05AWA128,BBU56,1644274853,1644274853
R05AWBR23,BBU56,1644420261,1644420381
R05AWA117,BBU57,1644276600,1644277790
R05AWBQ14,BBU57,1644391756,1644391876
R04AWCJ46,BBU58,1644253146,1644253146
R05AWBR09,BBU58,1644420429,1644420549
R05AWA126,BBU59,1644269268,1644269268
R05AWBP03,BBU59,1644413263,1644413383
R04AWCV25,BBU60,1644416568,1644416688
R05AWA406,BBU60,1644276600,1644278975
R04AWDA43,BBU61,1644265373,1644265373
R05AWBP46,BBU61,1644410985,1644411105
R05AWA122,BBU62,1644272943,1644272943
R05AWBQ38,BBU62,1644404678,1644404798
R04AWCJ21,BBU63,1644273685,1644273685
R05AWBQ28,BBU63,1644404360,1644404480
R05AWA116,BBU64,1644265625,1644265625
R05AWBQ16,BBU64,1644405062,1644405182
R05AWA137,BBU65,1644275867,1644275867
R05AWBQ35,BBU65,1644410658,1644410778
R04AWDA21,BBU66,1644258686,1644258686
R05AWBP23,BBU66,1644397283,1644397403
R04AWCM06,BBU67,1644276600,1644278105
R05AWBR25,BBU67,1644421345,1644421465
R04AWDA24,BBU68,1644259157,1644259157
R05AWBR18,BBU68,1644419335,1644419455
R05AWA140,BBU69,1644276112,1644276112
R05AWBP38,BBU69,1644399540,1644399660
R05AWA124,BBU70,1644276600,1644279768
R05AWBP45,BBU70,1644386821,1644386941
R06MSEU07,BBU71,1644269467,1644269467
R05AWA145,BBU72,1644276600,1644281988
R05AWBS20,BBU72,1644420368,1644420488
R04AWDA16,BBU73,1644265257,1644265257
R05AWBP37,BBU73,1644417746,1644417866
R05AWBR01,BBU74,1644421610,1644421730
R05MSL204,BBU74,1644276600,1644286340
R04AWCJ41,BBU75,1644254142,1644254142
R05AWBK43,BBU75,1644381596,1644381716
R04AWCJ39,BBU76,1644264210,1644264210
R05AWBR43,BBU76,1644415143,1644415263
R06MSAV02,BBU77,1644276600,1644292241
R06MSAQ04,BBU78,1644357145,1644363000
R06MSBD02,BBU78,1644276600,1644330465
R05MSFS01,BBU79,1644276600,1644282864
R06MSJW07,BBU79,1644395439,1644395559
R05AWA119,BBU80,1644275778,1644275778
R05AWBP42,BBU80,1644381374,1644381494
R05AWA112,BBU81,1644254902,1644254902
R05AWBP21,BBU81,1644387153,1644387273
R05AWA104,BBU82,1644269510,1644269510
R05AWBQ18,BBU82,1644386789,1644386909
R05AWBR22,BBU83,1644411008,1644411128
R06MSBE02,BBU83,1644276600,1644310741
R06MSG603,BBU84,1644276600,1644310863
R06MSHB01,BBU84,1644378724,1644378844
R06MSE101,BBU85,1644261872,1644261872
R06MSH902,BBU85,1644330756,1644363000
R06MSBG04,BBU86,1644276600,1644311044
R06MSBH02,BBU86,1644311107,1644363000
R06MSES05,BBU87,1644276600,1644286614
R06MSH903,BBU87,1644350085,1644363000
R06MSES06,BBU88,1644255857,1644255857
R06MSH805,BBU88,1644397665,1644397785
R05AWA121,BBU89,1644276600,1644297690
R05AWBQ09,BBU89,1644419190,1644419310
R06MSJ907,BBU90,1644276600,1644295044
R06MSJF06,BBU90,1644394020,1644394140
R04AWDA47,BBU91,1644259508,1644259508
R05AWBQ27,BBU91,1644397974,1644398094
R04AWDA37,BBU92,1644254585,1644254585
R05AWBP18,BBU92,1644372153,1644372273
R06MSJD01,BBU93,1644276600,1644307842
R06MSJH01,BBU93,1644307946,1644363000
R05AWBR03,BBU94,1644422023,1644422143
R06MSAV01,BBU94,1644276600,1644310240
R06MSJ502,BBU95,1644254446,1644254446
R06MSJX02,BBU95,1644399467,1644399587
R05AWBR14,BBU96,1644417586,1644417706
R06MSB201,BBU96,1644260575,1644260575
R06MSJG03,BBU97,1644334914,1644363000
R06MSJV01,BBU97,1644276600,1644334815
R06MSF201,BBU98,1644276600,1644282654
R06MSH403,BBU98,1644352518,1644363000
R05AWA109,BBU99,1644276600,1644279916
R05AWBQ23,BBU99,1644418821,1644418941
R06MSAL04,BBUA1,1644366194,1644366314
R06MSAT01,BBUA1,1644276600,1644280346
R05AWA102,BBUA2,1644276600,1644280607
R05AWBQ47,BBUA2,1644396396,1644396516
R04AWDA27,BBUA3,1644257942,1644257942
R05AWBK47,BBUA3,1644373762,1644373882
R06MSJJ07,BBUA4,1644392839,1644392959
R06MSJR01,BBUA4,1644276600,1644307268
R06MSJ604,BBUA5,1644276600,1644306609
R06MSJW03,BBUA5,1644396115,1644396235
R04AWDA32,BBUA6,1644257389,1644257389
R05AWBQ21,BBUA6,1644392650,1644392770
R06MSBF02,BBUA7,1644345945,1644363000
R06MSBI02,BBUA7,1644276600,1644345819
R06MSJ504,BBUA8,1644253432,1644253432
R07MSC601,BBUA8,1644386008,1644386128
R05MSFV01,BBUA9,1644270882,1644270882
R06MSJE01,BBUA9,1644365531,1644365651
R05AWA106,BBUB1,1644271402,1644271402
R05AWBQ36,BBUB1,1644409951,1644410071
R06MSAN03,BBUB2,1644357744,1644363000
R06MSAV03,BBUB2,1644276600,1644325070
R04AWDA26,BBUB3,1644275015,1644275015
R05AWBP06,BBUB3,1644404983,1644405103
R05AWBR08,BBUB4,1644420655,1644420775
R05MSKK02,BBUB4,1644271951,1644271951
R05AWBR46,BBUB5,1644414602,1644414722
R06MSB202,BBUB5,1644276600,1644306008
R04AWDA31,BBUB6,1644266973,1644266973
R05AWBQ31,BBUB6,1644421820,1644421940
R04RKB503,BBUB7,1644254634,1644254634
R05AWBR29,BBUB7,1644421752,1644421872
